id,date,spent,coupon
12,2019/9/25,14326,1
32,2019/9/10,10232,1
30,2019/9/9,6881,1
29,2019/9/4,6365,0
46,2019/9/10,7595,1
44,2019/9/14,7858,0
44,2019/9/9,9405,0
32,2019/9/20,1821,0
3,2019/9/30,8375,0
34,2019/9/7,1828,1
36,2019/9/13,6769,1
3,2019/9/25,5195,0
42,2019/9/27,7062,0
18,2019/9/29,2803,0
38,2019/9/9,5994,1
4,2019/9/10,7429,1
19,2019/9/2,4301,1
23,2019/9/19,8668,1
33,2019/9/25,6694,1
6,2019/9/26,2083,0
34,2019/9/3,14698,1
28,2019/9/8,14321,1
22,2019/9/7,12485,1
9,2019/9/1,10880,1
6,2019/9/22,10389,1
32,2019/9/8,10315,0
13,2019/9/7,12357,1
27,2019/9/2,10143,1
41,2019/10/1,9206,1
20,2019/9/12,6845,0
11,2019/9/17,1623,0
46,2019/9/27,8001,1
12,2019/9/24,10023,1
28,2019/9/17,3556,1
12,2019/9/23,9174,1
49,2019/9/19,13425,0
17,2019/9/28,12781,1
31,2019/9/5,13432,0
25,2019/9/23,12973,1
17,2019/9/7,11983,1
22,2019/9/27,5765,1
49,2019/9/4,6084,0
24,2019/9/29,5850,1
32,2019/9/16,14952,0
24,2019/9/18,13551,1
31,2019/9/26,8532,1
15,2019/9/12,3994,1
37,2019/9/9,12742,1
9,2019/9/22,14906,1
2,2019/9/13,5116,0
44,2019/10/1,6260,1
21,2019/9/6,11230,1
13,2019/9/12,7985,1
28,2019/9/1,13776,1
9,2019/9/25,5916,0
45,2019/9/4,9755,0
43,2019/9/2,2466,0
40,2019/9/26,13586,1
22,2019/9/9,4751,0
6,2019/9/5,1768,1
41,2019/9/29,14440,1
1,2019/9/21,1923,0
42,2019/10/1,3963,0
34,2019/9/15,14563,1
48,2019/9/4,14438,0
24,2019/9/23,11498,0
46,2019/9/17,5278,0
13,2019/9/30,12960,0
21,2019/9/15,8302,0
2,2019/9/2,2817,1
33,2019/9/13,14194,1
26,2019/9/30,13921,1
35,2019/9/4,10698,1
12,2019/10/1,9930,1
38,2019/9/19,3118,0
5,2019/9/17,10899,1
13,2019/9/16,11277,1
14,2019/9/14,14682,0
43,2019/9/21,1576,0
7,2019/9/21,8652,1
11,2019/10/1,8793,0
3,2019/9/6,14234,0
34,2019/9/27,5613,0
21,2019/9/24,3543,1
29,2019/9/26,7192,0
8,2019/9/6,13133,0
33,2019/9/22,4126,0
49,2019/9/22,4563,0
49,2019/9/28,6631,1
17,2019/9/14,12415,1
10,2019/9/11,11018,0
45,2019/9/23,6087,0
4,2019/9/14,3420,0
8,2019/9/19,4161,0
3,2019/9/28,3271,0
30,2019/9/13,5191,1
31,2019/9/22,5715,1
24,2019/9/15,6691,1
18,2019/9/12,3253,1
34,2019/9/10,5242,1
40,2019/9/4,12271,1
11,2019/9/14,5435,1
17,2019/9/18,14197,1
47,2019/9/9,3855,1
14,2019/9/19,4229,1
23,2019/9/13,5714,0
24,2019/9/10,7193,1
25,2019/10/1,5174,0
33,2019/9/27,9327,0
44,2019/10/1,13945,1
8,2019/9/17,8167,1
37,2019/9/26,2658,0
20,2019/9/19,7916,1
11,2019/9/21,4039,0
44,2019/9/10,3410,0
31,2019/9/13,11693,0
48,2019/9/21,7352,0
49,2019/9/14,5371,1
6,2019/9/9,9807,1
26,2019/9/6,8587,1
20,2019/9/27,12741,1
6,2019/9/1,6739,1
3,2019/9/12,1749,0
21,2019/9/14,8712,1
13,2019/9/8,8757,1
26,2019/9/8,7579,0
29,2019/9/8,10932,1
21,2019/9/27,5183,1
8,2019/9/11,10453,1
18,2019/9/6,12309,1
31,2019/9/12,4814,0
29,2019/9/5,14627,1
33,2019/9/28,5129,0
33,2019/9/4,13563,1
44,2019/9/6,3054,0
2,2019/9/14,7778,0
33,2019/9/28,2530,1
15,2019/9/22,14621,0
12,2019/9/10,6077,1
7,2019/9/18,4168,0
13,2019/9/29,8415,0
8,2019/9/24,10518,0
33,2019/9/30,14359,0
48,2019/9/5,5731,0
48,2019/9/6,12137,0
30,2019/9/12,11038,0
6,2019/9/2,7070,0
41,2019/9/2,12846,0
23,2019/9/30,9212,0
36,2019/9/17,10691,0
12,2019/9/26,9579,1
31,2019/9/23,7046,0
17,2019/9/3,8263,0
47,2019/9/8,4903,1
28,2019/9/5,2973,1
18,2019/9/20,4743,1
37,2019/9/15,10887,0
40,2019/9/2,10104,0
46,2019/9/30,5793,1
17,2019/9/12,3124,0
6,2019/9/14,1812,0
35,2019/9/8,13505,0
33,2019/9/16,7059,1
41,2019/9/20,4978,0
35,2019/9/6,12611,0
15,2019/9/25,9457,0
33,2019/9/19,5180,0
21,2019/9/7,2928,1
9,2019/9/15,11799,0
8,2019/9/22,14990,0
14,2019/9/24,5084,1
7,2019/9/18,2860,0
8,2019/9/9,12338,1
25,2019/9/30,4934,0
2,2019/9/9,9010,0
29,2019/10/1,1530,1
38,2019/9/2,3784,0
34,2019/9/1,2606,0
16,2019/9/5,5142,1
26,2019/9/6,6540,0
24,2019/9/5,4161,1
38,2019/9/26,13827,1
49,2019/9/5,13847,1
17,2019/9/30,12049,0
34,2019/9/13,10935,1
46,2019/9/5,4033,1
25,2019/9/11,10713,1
46,2019/9/12,2908,0
24,2019/9/15,7874,0
48,2019/9/19,11176,0
42,2019/9/9,13208,0
35,2019/9/4,9693,1
34,2019/9/25,14931,0
35,2019/9/23,3788,1
15,2019/9/9,11796,0
13,2019/9/13,7771,1
44,2019/9/10,10643,1
35,2019/9/30,5472,0
28,2019/9/5,8815,0
22,2019/9/14,10092,1
9,2019/9/13,5068,0
38,2019/9/13,4198,1
10,2019/9/7,13793,0
17,2019/9/18,6312,1
43,2019/9/13,3109,0
5,2019/9/12,11025,0
32,2019/9/26,14045,1
10,2019/9/2,7924,1
35,2019/9/20,1766,1
44,2019/10/1,13818,1
43,2019/9/10,11904,1
10,2019/9/15,7585,0
36,2019/9/12,6828,0
33,2019/9/11,10391,1
13,2019/9/16,2473,1
33,2019/9/12,8158,1
14,2019/9/24,10792,0
12,2019/9/12,3294,0
27,2019/9/21,9790,1
37,2019/9/18,1951,1
8,2019/9/22,6562,1
21,2019/9/12,7240,0
21,2019/9/5,13118,0
15,2019/9/4,13361,1
38,2019/9/23,12932,0
31,2019/9/27,1534,1
12,2019/9/21,14986,1
6,2019/9/17,7956,1
47,2019/9/24,13429,0
10,2019/9/22,9031,0
24,2019/9/8,2948,1
9,2019/9/11,5879,1
43,2019/9/16,5880,0
45,2019/9/22,4520,0
41,2019/9/20,8135,1
16,2019/9/23,13129,0
29,2019/9/26,10833,1
8,2019/9/21,5358,0
29,2019/9/24,12530,0
1,2019/9/19,4092,0
24,2019/9/27,5705,1
38,2019/9/9,6079,1
14,2019/9/21,7251,0
33,2019/9/21,7941,0
16,2019/9/14,8582,1
32,2019/9/11,4208,0
31,2019/9/7,3502,1
7,2019/9/26,4368,0
23,2019/9/10,13137,1
29,2019/9/1,4255,1
25,2019/9/15,12242,0
9,2019/9/9,9211,1
18,2019/9/14,12168,1
42,2019/9/21,14875,0
9,2019/10/1,8914,0
28,2019/9/30,9636,0
39,2019/9/12,8903,1
49,2019/9/11,3066,1
7,2019/9/18,5990,0
45,2019/9/11,10752,0
28,2019/9/3,2401,1
18,2019/9/20,7406,0
39,2019/9/15,11845,0
7,2019/9/26,6952,0
35,2019/10/1,2156,0
8,2019/9/29,3304,1
48,2019/9/25,6136,1
33,2019/9/4,11194,1
40,2019/9/4,9770,0
37,2019/9/22,9440,1
3,2019/9/25,7504,1
4,2019/9/28,4548,1
41,2019/9/14,1832,0
12,2019/9/22,11647,0
11,2019/9/23,10051,0
8,2019/9/4,2128,1
1,2019/9/9,5384,1
47,2019/9/26,10575,1
31,2019/9/24,12096,0
44,2019/9/30,4750,0
44,2019/9/6,8176,1
8,2019/9/8,2559,1
12,2019/9/13,4047,1
40,2019/9/5,2042,0
34,2019/9/18,11947,0
41,2019/9/28,13691,0
5,2019/9/6,4613,1
11,2019/9/21,7049,0
25,2019/9/16,6549,1
7,2019/9/29,5612,1
21,2019/9/6,8943,1
7,2019/9/30,4233,1
45,2019/9/3,2307,0
28,2019/9/1,1874,1
41,2019/9/14,8624,0
49,2019/9/5,11038,0
38,2019/9/30,3716,1
36,2019/9/13,11700,0
14,2019/9/1,10365,1
26,2019/9/18,5243,0
31,2019/9/18,14413,0
9,2019/9/12,6226,0
10,2019/9/28,7118,0
26,2019/9/6,10766,0
28,2019/9/18,10276,1
3,2019/9/7,2028,0
45,2019/9/28,8820,0
10,2019/9/13,5591,1
46,2019/9/8,3571,0
38,2019/10/1,10473,1
25,2019/9/4,10300,0
46,2019/9/1,9057,1
29,2019/9/12,2230,1
1,2019/9/9,1738,1
32,2019/9/29,6336,1
43,2019/9/16,3830,0
43,2019/9/9,2268,1
22,2019/9/14,12684,1
49,2019/9/5,12398,1
18,2019/9/11,14982,1
2,2019/9/23,8260,1
32,2019/9/10,13226,1
38,2019/9/21,4601,0
8,2019/9/22,2948,0
47,2019/10/1,11256,1
26,2019/9/24,9849,1
5,2019/9/25,4550,1
40,2019/9/15,10258,1
11,2019/9/24,9264,0
3,2019/9/20,3960,0
2,2019/9/10,8517,0
9,2019/9/8,13733,1
8,2019/9/21,6906,1
6,2019/9/8,6664,0
1,2019/9/11,9088,0
42,2019/9/27,12460,0
41,2019/9/30,14745,0
40,2019/9/30,12523,0
19,2019/9/14,1553,1
20,2019/9/6,8251,1
11,2019/9/18,10267,0
42,2019/9/17,12381,1
15,2019/10/1,6723,1
36,2019/9/13,13079,1
1,2019/9/7,1697,1
42,2019/9/12,13078,0
31,2019/9/3,3783,1
16,2019/9/4,11968,1
4,2019/9/22,5805,1
4,2019/9/28,1963,0
22,2019/9/18,5699,1
31,2019/9/15,14047,0
22,2019/9/22,7653,0
14,2019/10/1,12759,1
15,2019/9/7,5884,0
34,2019/9/17,10135,0
13,2019/10/1,4622,0
40,2019/9/16,4585,1
3,2019/9/26,5726,0
11,2019/9/29,2586,1
31,2019/9/13,7682,0
17,2019/9/23,13138,1
12,2019/9/24,6435,1
43,2019/9/2,9277,1
46,2019/9/24,1782,0
15,2019/9/25,6352,1
12,2019/9/4,1782,1
42,2019/9/19,5319,0
27,2019/9/8,2311,0
26,2019/9/17,7170,0
21,2019/9/11,12098,0
24,2019/9/21,10934,1
12,2019/9/28,2003,0
18,2019/9/9,5487,0
14,2019/9/5,5484,0
5,2019/9/15,10296,0
2,2019/9/11,6289,0
21,2019/9/7,8566,0
9,2019/9/23,11275,0
3,2019/9/11,4494,1
20,2019/9/9,13348,0
30,2019/9/26,4513,1
3,2019/9/16,11244,0
9,2019/9/29,4872,1
15,2019/9/5,11598,1
29,2019/9/5,14762,0
49,2019/9/20,3449,1
49,2019/9/4,9249,0
6,2019/9/3,7430,1
49,2019/9/16,7296,1
35,2019/9/17,12548,0
9,2019/9/13,2934,1
26,2019/9/27,8785,0
33,2019/9/7,11855,1
40,2019/9/21,3877,1
32,2019/9/20,6834,1
18,2019/9/13,12433,1
5,2019/9/26,12802,1
15,2019/9/3,8892,0
48,2019/9/22,8669,1
12,2019/9/27,10733,0
18,2019/9/3,4144,0
40,2019/9/20,3723,0
8,2019/9/28,14037,1
24,2019/9/30,11176,1
31,2019/9/26,11713,0
25,2019/9/20,6603,1
26,2019/9/30,9010,1
15,2019/9/23,9675,1
10,2019/9/29,3658,0
24,2019/10/1,3171,0
32,2019/9/4,11638,1
15,2019/9/30,12396,1
18,2019/9/3,7826,0
15,2019/9/20,14494,0
42,2019/9/18,13238,0
2,2019/9/12,13280,1
17,2019/9/8,7406,1
7,2019/9/22,6920,0
43,2019/9/25,13461,1
47,2019/9/19,3978,0
31,2019/9/10,10366,0
18,2019/9/27,5706,1
27,2019/9/1,12092,0
33,2019/9/25,9743,1
16,2019/9/10,4874,0
21,2019/9/10,2422,1
41,2019/9/27,7791,1
23,2019/9/17,9160,1
38,2019/9/9,5247,1
2,2019/9/17,6671,1
20,2019/9/24,8889,0
37,2019/9/7,11945,1
40,2019/9/15,4243,1
23,2019/10/1,6745,0
24,2019/9/22,4712,1
12,2019/9/17,5751,0
44,2019/9/16,8952,0
25,2019/9/28,8105,1
46,2019/9/30,13530,1
6,2019/9/10,7055,1
26,2019/9/2,3489,1
33,2019/9/4,11293,0
3,2019/9/17,4142,0
37,2019/9/10,11955,0
37,2019/9/26,7424,1
29,2019/9/28,9038,0
27,2019/9/25,13359,0
29,2019/9/17,4320,1
9,2019/9/9,7436,1
33,2019/9/6,12876,0
18,2019/9/16,7191,1
18,2019/9/18,5897,1
15,2019/9/26,7446,0
20,2019/9/22,14727,1
22,2019/9/1,12844,0
7,2019/9/23,9181,1
37,2019/9/3,1627,1
22,2019/9/28,5826,0
22,2019/9/6,10669,0
8,2019/9/27,8503,1
7,2019/9/4,3107,1
6,2019/9/28,6915,0
29,2019/9/23,10760,0
34,2019/9/9,12256,0
13,2019/9/16,6268,1
35,2019/9/7,10413,1
14,2019/9/30,2338,1
31,2019/9/22,3912,1
36,2019/9/26,8370,1
47,2019/9/19,6076,0
3,2019/9/29,7159,1
49,2019/9/28,5680,1
41,2019/9/11,4044,1
43,2019/9/9,2083,0
27,2019/9/24,1795,1
1,2019/9/19,5119,0
35,2019/9/14,13594,1
28,2019/9/5,10509,1
42,2019/9/3,2279,0
3,2019/10/1,5830,0
15,2019/9/19,13079,0
41,2019/9/11,14533,1
16,2019/9/18,10250,1
8,2019/9/17,8086,0
44,2019/9/3,7322,0
49,2019/9/26,13678,1
12,2019/9/24,7760,0
40,2019/9/7,11766,1
1,2019/9/13,11807,0
49,2019/9/28,6564,0
30,2019/9/9,5065,1
48,2019/9/5,13644,1
26,2019/9/9,10238,0
35,2019/9/29,5118,0
21,2019/9/29,5918,1
1,2019/9/16,13441,1
8,2019/9/25,10818,0
42,2019/9/29,14315,1
28,2019/9/7,5955,0
24,2019/9/7,7042,1
30,2019/9/12,8790,1
3,2019/9/25,2830,0
40,2019/9/18,7047,1
9,2019/9/17,6037,1
32,2019/9/4,14276,1
42,2019/9/22,4773,0
22,2019/9/16,2114,0
49,2019/9/14,12872,0
35,2019/9/29,5780,0
25,2019/9/8,10915,1
19,2019/9/3,7879,0
26,2019/9/16,12788,1
13,2019/9/26,10695,1
20,2019/9/11,12143,1
15,2019/9/16,6350,1
8,2019/9/9,14807,1
36,2019/9/6,8903,1
28,2019/9/10,3377,1
25,2019/9/30,8924,1
35,2019/9/27,5057,0
36,2019/9/1,6393,1
45,2019/10/1,8616,1
13,2019/9/8,9832,1
9,2019/9/24,1679,1
25,2019/9/2,8376,0
4,2019/9/18,6184,0
38,2019/9/3,9688,0
6,2019/9/14,14519,1
49,2019/9/6,5236,0
24,2019/9/5,12022,0
37,2019/9/29,4295,0
38,2019/9/19,12115,0
30,2019/9/30,4744,0
23,2019/9/28,1565,0
38,2019/9/17,8703,0
39,2019/9/16,2514,0
39,2019/9/11,8759,1
22,2019/9/16,4444,0
23,2019/9/11,6501,0
1,2019/9/13,14394,0
33,2019/9/9,9361,0
29,2019/9/22,9917,0
35,2019/9/6,3921,0
21,2019/9/30,6756,1
4,2019/9/12,12598,1
48,2019/9/30,13602,0
48,2019/9/12,7113,0
9,2019/10/1,13701,1
28,2019/9/15,14209,0
49,2019/9/6,8249,0
20,2019/9/9,8219,1
39,2019/9/21,13714,1
26,2019/9/24,5892,0
47,2019/9/8,7185,1
33,2019/9/26,9698,0
4,2019/9/19,11304,1
25,2019/9/10,10156,1
23,2019/9/2,12355,1
32,2019/9/1,10858,1
32,2019/10/1,10253,1
47,2019/9/14,10214,0
26,2019/9/5,14787,1
36,2019/9/10,10913,1
42,2019/9/17,1888,0
36,2019/9/18,11297,1
30,2019/9/22,6770,0
33,2019/9/22,8040,0
16,2019/9/10,10998,1
30,2019/9/10,1644,1
45,2019/9/22,2539,1
5,2019/9/10,2279,0
40,2019/9/16,2774,1
42,2019/9/10,11645,0
12,2019/9/11,2736,1
22,2019/9/2,14634,0
6,2019/9/27,12088,0
5,2019/9/18,11700,0
26,2019/9/16,2841,0
15,2019/9/5,14978,0
31,2019/9/11,8812,0
20,2019/9/22,4013,0
15,2019/9/7,14907,1
33,2019/9/12,11246,1
20,2019/9/30,14537,1
13,2019/9/11,8502,0
10,2019/9/19,11616,0
1,2019/9/12,12070,0
24,2019/9/27,12854,1
29,2019/9/20,6167,0
31,2019/9/28,5082,1
7,2019/9/13,7036,1
34,2019/9/2,12269,0
10,2019/10/1,5968,1
31,2019/9/18,4021,0
37,2019/9/19,6579,0
4,2019/9/28,8156,0
38,2019/9/30,3366,1
22,2019/9/19,14352,0
37,2019/9/13,13935,0
15,2019/9/11,10639,0
4,2019/9/19,6318,1
15,2019/9/30,13031,0
40,2019/9/25,14585,0
44,2019/9/26,13292,1
39,2019/9/12,10732,0
25,2019/9/27,11659,0
36,2019/9/1,3898,1
1,2019/9/24,14868,1
39,2019/9/19,10055,0
1,2019/9/4,6425,0
12,2019/9/22,6822,0
16,2019/9/2,12584,1
26,2019/9/10,3251,0
31,2019/9/19,13445,1
35,2019/9/21,12845,1
43,2019/9/14,12760,0
25,2019/9/17,7810,1
17,2019/9/22,13923,0
22,2019/9/16,7357,0
40,2019/9/5,2623,0
35,2019/9/3,3916,1
26,2019/9/12,14628,1
32,2019/9/15,4364,0
12,2019/9/8,9425,0
4,2019/9/21,13660,0
18,2019/9/10,7944,0
47,2019/9/18,4547,1
49,2019/9/25,3162,0
35,2019/9/29,7531,1
46,2019/9/10,2334,1
38,2019/9/21,10492,0
45,2019/9/25,9658,1
11,2019/9/5,9840,0
17,2019/9/13,3979,1
5,2019/9/1,11557,1
4,2019/9/9,9849,1
48,2019/9/21,3885,0
40,2019/9/9,3995,1
15,2019/9/11,13978,0
12,2019/9/9,14176,1
20,2019/9/9,3868,1
20,2019/9/2,12971,0
16,2019/9/12,10185,0
21,2019/9/14,7522,1
43,2019/9/29,10337,1
22,2019/9/14,8260,1
45,2019/9/6,4475,1
11,2019/9/30,10959,0
35,2019/9/16,14777,1
47,2019/9/18,11226,1
38,2019/9/7,7745,1
3,2019/9/16,14232,1
42,2019/9/12,11261,1
30,2019/9/28,10789,1
4,2019/9/20,13848,0
15,2019/9/20,6326,1
45,2019/9/7,5938,1
5,2019/9/12,13796,1
9,2019/9/3,5152,1
22,2019/9/2,12984,0
14,2019/9/27,9325,1
26,2019/9/11,10861,1
33,2019/9/30,10662,0
7,2019/9/9,7701,1
25,2019/9/3,6616,1
10,2019/9/29,10617,0
30,2019/9/13,12445,1
36,2019/9/25,2201,1
49,2019/9/17,4418,0
10,2019/9/1,2490,1
11,2019/9/27,11628,1
1,2019/9/13,7375,1
9,2019/9/20,9844,0
18,2019/9/9,6477,1
42,2019/9/14,10476,1
37,2019/9/15,1667,1
12,2019/9/20,4594,1
3,2019/9/13,4209,0
49,2019/9/10,13740,1
45,2019/9/20,13705,0
5,2019/9/24,13352,1
37,2019/9/30,9560,1
30,2019/9/7,10658,1
24,2019/9/23,7181,0
43,2019/9/4,6895,1
39,2019/9/28,4256,0
12,2019/9/2,13243,0
35,2019/9/21,11050,0
31,2019/9/2,1742,1
7,2019/9/22,3227,1
25,2019/10/1,12369,1
14,2019/9/24,13078,0
42,2019/9/2,3500,0
16,2019/9/4,6549,1
2,2019/9/26,5719,0
17,2019/9/17,11194,1
38,2019/9/28,1668,1
10,2019/9/7,2477,1
14,2019/9/9,7322,1
31,2019/9/19,8475,1
18,2019/9/1,2246,1
34,2019/9/19,12909,1
44,2019/9/3,1867,0
32,2019/9/16,12898,0
48,2019/9/22,6847,0
13,2019/9/6,3613,0
39,2019/9/18,14367,1
27,2019/9/6,12503,0
34,2019/9/21,4467,0
38,2019/9/21,4080,1
13,2019/9/12,8767,1
27,2019/9/20,7025,1
24,2019/9/15,3126,1
12,2019/9/22,6812,0
29,2019/9/24,1727,0
5,2019/9/8,10628,1
35,2019/9/13,11492,1
22,2019/9/13,6608,0
36,2019/9/13,14238,0
42,2019/9/30,7577,0
19,2019/9/11,10062,1
15,2019/9/15,8547,0
15,2019/9/9,9593,0
44,2019/9/2,3769,0
44,2019/9/29,11824,0
45,2019/9/12,12915,0
18,2019/9/1,11624,0
17,2019/9/3,9901,1
42,2019/9/21,14976,1
26,2019/9/18,4483,0
2,2019/9/24,2865,0
48,2019/9/16,2675,0
41,2019/9/8,8516,0
2,2019/9/4,6833,1
14,2019/9/9,5896,1
31,2019/9/5,9956,1
48,2019/9/20,14037,1
29,2019/9/7,11242,1
35,2019/9/3,13997,0
20,2019/9/30,8520,1
3,2019/9/3,3821,0
19,2019/9/23,1530,1
14,2019/9/4,11826,1
25,2019/9/6,3913,1
25,2019/9/28,14607,1
15,2019/9/4,4494,1
17,2019/9/26,3979,0
23,2019/9/30,14033,1
37,2019/9/15,13790,0
31,2019/9/9,8736,1
43,2019/9/26,13040,0
14,2019/9/28,13773,1
30,2019/9/11,10569,1
2,2019/9/30,4307,1
20,2019/9/24,6560,0
36,2019/9/2,13115,1
21,2019/9/23,11403,0
14,2019/9/2,4003,0
3,2019/9/10,7341,0
15,2019/9/27,5880,0
45,2019/9/20,13271,1
23,2019/9/8,10349,1
30,2019/9/22,7771,1
31,2019/9/27,1555,1
34,2019/9/21,9982,0
30,2019/9/3,4398,1
45,2019/9/17,10572,0
13,2019/9/11,4532,0
39,2019/10/1,10175,0
49,2019/9/13,11203,1
40,2019/9/9,7778,0
35,2019/9/5,12931,0
6,2019/9/11,11722,1
22,2019/9/18,11703,0
33,2019/9/22,10154,0
19,2019/9/1,12721,1
6,2019/9/6,8397,0
27,2019/9/20,8692,0
23,2019/9/21,2443,1
15,2019/9/16,12017,1
9,2019/9/5,10755,1
5,2019/9/25,12087,0
11,2019/9/4,5267,0
17,2019/9/23,11479,1
28,2019/9/6,12524,1
18,2019/9/8,7762,0
3,2019/9/20,5679,0
22,2019/9/16,6512,1
6,2019/9/10,10750,1
20,2019/9/1,10301,0
4,2019/9/22,2896,1
1,2019/9/15,7202,0
47,2019/9/26,2002,0
31,2019/9/7,11003,1
26,2019/9/21,2864,1
24,2019/9/6,6908,0
28,2019/9/1,14337,1
19,2019/9/20,6558,1
44,2019/9/4,2894,1
35,2019/9/29,3806,1
13,2019/9/4,13043,1
7,2019/9/28,1785,1
48,2019/9/15,2780,0
36,2019/9/2,12806,0
5,2019/9/13,2219,1
23,2019/9/19,1773,1
39,2019/9/8,6138,1
9,2019/9/27,6793,0
40,2019/10/1,12835,0
16,2019/9/28,11085,1
28,2019/9/28,9307,1
30,2019/9/15,4582,1
29,2019/9/6,11327,1
24,2019/9/28,10737,0
27,2019/9/18,6008,1
14,2019/9/22,14311,1
31,2019/9/29,14456,1
37,2019/9/24,9210,1
7,2019/10/1,5064,1
5,2019/9/29,6429,0
22,2019/9/7,14646,1
35,2019/9/23,5768,1
37,2019/9/19,6572,0
18,2019/9/19,13852,0
19,2019/9/22,12394,1
20,2019/9/10,11827,0
44,2019/9/5,8643,0
30,2019/9/10,7638,0
36,2019/9/11,11283,1
10,2019/9/24,7557,0
4,2019/9/9,12265,0
14,2019/9/10,9507,1
23,2019/9/14,11336,0
16,2019/9/18,6890,1
13,2019/9/30,3005,1
32,2019/9/16,11568,1
44,2019/9/18,10614,1
5,2019/9/20,3621,0
15,2019/9/30,11081,1
49,2019/9/7,5585,0
3,2019/9/26,11650,1
10,2019/9/21,1867,0
31,2019/9/22,6353,1
2,2019/9/23,13324,1
33,2019/9/1,5183,0
32,2019/9/2,3535,1
43,2019/9/7,11746,1
14,2019/9/8,11949,1
22,2019/9/1,3394,0
16,2019/9/29,4945,1
15,2019/9/6,8034,0
36,2019/9/18,13411,0
27,2019/9/9,7232,0
28,2019/9/5,6243,0
49,2019/9/17,9339,1
16,2019/9/4,2805,1
20,2019/9/6,9457,0
44,2019/9/17,12660,1
33,2019/9/6,9882,0
5,2019/9/5,9797,0
2,2019/9/25,7737,1
1,2019/10/1,5522,0
20,2019/9/28,4894,0
32,2019/9/14,9059,0
43,2019/10/1,7980,0
37,2019/9/28,13987,0
9,2019/9/13,11975,1
2,2019/9/4,8050,1
48,2019/9/10,3164,1
36,2019/9/10,7926,0
40,2019/9/12,2589,1
28,2019/9/18,14649,0
10,2019/9/1,6861,0
34,2019/9/16,3464,0
19,2019/10/1,11924,0
44,2019/10/1,12275,1
21,2019/9/2,1777,0
28,2019/9/13,2394,0
43,2019/9/16,2894,0
35,2019/9/20,12666,0
48,2019/9/18,14149,0
43,2019/9/19,3255,0
33,2019/9/13,3766,1
12,2019/9/19,5409,1
1,2019/9/12,7782,0
20,2019/9/7,8960,1
31,2019/9/22,10160,1
41,2019/9/6,11007,1
21,2019/9/13,2135,0
32,2019/9/3,4363,0
24,2019/9/1,9790,0
38,2019/9/12,6057,0
18,2019/9/6,9081,0
31,2019/9/11,7183,1
18,2019/9/26,13578,1
30,2019/9/21,1536,0
33,2019/9/10,2665,1
11,2019/9/24,10814,0
16,2019/9/13,6163,0
30,2019/9/22,5779,1
1,2019/9/27,13623,1
17,2019/9/26,9075,1
9,2019/9/9,1508,0
39,2019/9/18,6992,0
30,2019/9/7,7996,1
38,2019/9/25,5596,1
38,2019/9/1,5605,0
21,2019/9/1,2682,1
2,2019/9/20,14816,1
47,2019/9/16,2670,0
21,2019/9/4,14703,0
8,2019/9/28,8859,1
33,2019/9/19,5083,1
37,2019/9/23,6711,0
36,2019/9/4,6033,1
41,2019/9/28,9703,1
23,2019/9/14,9525,1
4,2019/9/17,9782,1
5,2019/9/19,10092,0
32,2019/9/15,9495,1
7,2019/9/22,11572,0
30,2019/9/23,14059,0
4,2019/9/9,4879,0
42,2019/9/9,8882,0
45,2019/9/5,6213,1
26,2019/9/28,11085,0
2,2019/9/3,10922,1
30,2019/9/14,4345,0
15,2019/9/15,10094,0
22,2019/9/17,8359,1
36,2019/9/3,10083,1
34,2019/9/28,4309,0
30,2019/9/23,14435,1
17,2019/9/7,13690,1
41,2019/9/8,3791,1
6,2019/9/29,12626,0
39,2019/9/2,12579,0
43,2019/9/23,9158,0
46,2019/9/10,8929,1
43,2019/9/24,5567,1
28,2019/9/2,3277,1
2,2019/9/26,13453,1
1,2019/9/13,8473,1
4,2019/9/3,10132,1
30,2019/9/14,9873,0
34,2019/9/30,12996,0
27,2019/9/10,3182,0
35,2019/9/1,11384,0
44,2019/9/27,3875,1
44,2019/9/16,2091,1
40,2019/9/6,5446,0
47,2019/9/3,14165,0
38,2019/9/22,6731,0
20,2019/9/5,10210,1
1,2019/9/22,10790,0
31,2019/9/13,9545,1
13,2019/10/1,5063,1
35,2019/9/29,11577,0
12,2019/9/22,4096,1
41,2019/9/17,3576,1
29,2019/9/10,6452,0
38,2019/9/29,5785,1
9,2019/9/12,9295,0
39,2019/9/16,7445,1
14,2019/9/25,11913,0
5,2019/9/4,9280,1
41,2019/9/5,6744,0
17,2019/10/1,3059,0
37,2019/9/24,13996,1
4,2019/9/5,9380,0
46,2019/9/22,7030,1
28,2019/9/1,9719,0
30,2019/9/30,2106,0
37,2019/9/26,8238,1
42,2019/9/8,6426,0
30,2019/9/25,7072,1
41,2019/9/24,4697,1
35,2019/9/30,6673,0
41,2019/9/14,1811,0
14,2019/9/8,2713,1
23,2019/9/20,2133,1
22,2019/9/28,10315,0
6,2019/9/13,6063,1
27,2019/9/12,3152,0
15,2019/9/3,5948,0
18,2019/9/13,8330,0
35,2019/9/29,5648,0
34,2019/9/26,2536,1
41,2019/9/16,9679,0
48,2019/9/2,9903,0
48,2019/9/14,11986,0
34,2019/9/18,11847,1
5,2019/9/12,6134,1
43,2019/9/9,11786,0
18,2019/9/13,9444,1
27,2019/9/5,14626,1
19,2019/9/28,2442,1
1,2019/9/30,10501,0
2,2019/9/15,2212,1
2042,2019/9/19,9888,1
2857,2019/9/5,13409,0
2437,2019/9/11,5437,1
1398,2019/9/2,10771,0
1435,2019/9/11,7865,0
2157,2019/9/30,2305,0
2011,2019/9/16,11710,0
2756,2019/9/4,1779,1
1705,2019/9/10,13438,0
253,2019/9/9,13027,1
861,2019/9/30,14807,1
1404,2019/9/4,13181,0
875,2019/9/21,8197,1
1706,2019/10/1,14889,0
1471,2019/9/6,10535,0
769,2019/9/16,7300,0
1459,2019/9/1,12237,0
2240,2019/9/2,11509,0
652,2019/9/29,3013,0
1730,2019/9/20,12286,1
1579,2019/9/18,8352,0
2255,2019/9/4,2394,1
923,2019/9/23,3271,0
2820,2019/9/20,3190,0
982,2019/9/22,3357,0
720,2019/9/5,8780,1
2368,2019/9/15,12902,1
472,2019/9/12,13065,0
2505,2019/9/2,12798,1
148,2019/9/22,4697,0
247,2019/9/22,10786,0
2905,2019/9/18,4621,0
2305,2019/9/25,9240,0
1149,2019/9/25,13045,0
973,2019/9/10,10326,0
1696,2019/9/25,8653,0
665,2019/9/5,11751,1
1260,2019/9/14,1532,1
1602,2019/9/22,1544,0
2119,2019/9/10,14770,1
303,2019/9/13,13542,1
2312,2019/9/28,3898,0
1350,2019/9/13,4243,0
2369,2019/9/30,5270,0
1881,2019/9/10,11337,1
1903,2019/9/9,6950,1
1471,2019/9/11,9304,1
1377,2019/9/7,14556,1
1987,2019/9/13,13640,1
2033,2019/9/22,11982,0
1940,2019/9/16,2826,0
2994,2019/9/28,6846,0
1457,2019/9/23,14091,0
1217,2019/9/14,2191,1
1999,2019/9/20,14704,1
2902,2019/9/2,5947,1
869,2019/9/11,3720,0
915,2019/9/6,6071,1
1312,2019/9/3,2662,1
623,2019/9/4,2554,0
1167,2019/9/7,6280,0
1845,2019/9/2,11967,0
1366,2019/9/18,12383,0
2008,2019/9/3,7441,1
593,2019/9/24,6373,0
1398,2019/9/26,9134,1
545,2019/9/4,5085,1
1984,2019/9/14,13783,0
1276,2019/9/20,4455,1
1009,2019/9/13,13352,0
2401,2019/9/1,7683,1
1944,2019/9/22,10807,1
2772,2019/9/21,3495,0
494,2019/9/26,5984,0
410,2019/9/2,14886,0
1208,2019/9/24,7893,0
2729,2019/9/21,3671,1
922,2019/9/8,11724,1
2258,2019/9/30,7315,1
2423,2019/9/6,6865,0
212,2019/9/10,6114,0
2973,2019/9/25,7428,1
2544,2019/9/7,8552,1
1116,2019/9/3,2307,0
319,2019/9/29,5873,0
1537,2019/9/18,5948,0
399,2019/9/4,5084,1
1472,2019/9/6,2515,1
2219,2019/9/2,10442,0
875,2019/9/16,5143,1
670,2019/9/23,5719,1
1642,2019/9/30,10081,1
1610,2019/9/3,8261,1
1677,2019/9/6,9189,0
2160,2019/9/23,3821,1
2628,2019/9/21,14139,0
1572,2019/9/1,11799,0
2280,2019/9/17,9999,0
2813,2019/10/1,2024,0
2998,2019/9/1,10294,0
1057,2019/9/12,11375,1
600,2019/9/4,5422,1
1365,2019/9/10,4376,0
1141,2019/9/6,13275,0
794,2019/9/8,14325,1
1351,2019/9/26,6940,1
2635,2019/9/6,9150,0
1277,2019/9/6,12441,1
1290,2019/9/1,6039,0
1263,2019/9/20,7516,1
259,2019/9/18,2336,0
2294,2019/9/24,6128,0
1696,2019/9/13,6110,0
336,2019/9/26,2993,1
1533,2019/9/28,4666,0
738,2019/9/5,14324,1
1250,2019/9/12,5679,1
1279,2019/9/2,11926,0
2924,2019/9/26,10771,0
2278,2019/9/18,4503,0
119,2019/9/12,12191,1
2579,2019/9/25,2773,1
2156,2019/9/4,3991,1
257,2019/9/10,3276,0
164,2019/9/29,5874,0
1312,2019/9/20,6633,1
1721,2019/9/11,8651,0
1542,2019/9/20,12691,0
1344,2019/9/14,12997,0
1152,2019/9/14,11163,0
1360,2019/9/9,14213,0
289,2019/9/17,9626,0
576,2019/9/17,2652,0
309,2019/9/27,10703,0
235,2019/9/9,11002,0
579,2019/9/9,7337,0
579,2019/9/2,9478,0
698,2019/9/16,3981,1
1314,2019/9/7,2066,0
2186,2019/9/13,8615,0
1474,2019/9/25,7459,1
2286,2019/9/28,12766,0
2065,2019/9/9,5793,1
1879,2019/9/3,13911,0
1222,2019/9/28,8767,0
363,2019/9/22,2620,0
1247,2019/9/17,1546,0
888,2019/9/30,7952,0
677,2019/9/14,3386,0
1373,2019/9/26,7034,1
2832,2019/9/18,7105,1
1474,2019/9/22,8776,1
1989,2019/9/8,13738,0
538,2019/9/24,2737,1
1056,2019/9/24,14662,0
1198,2019/9/20,8419,1
1345,2019/9/28,11815,1
443,2019/9/4,6710,1
1420,2019/9/28,13553,0
93,2019/9/23,13183,0
2054,2019/9/3,6534,0
2668,2019/9/6,11177,0
1636,2019/9/18,6399,0
408,2019/9/3,2259,0
700,2019/9/8,9475,0
474,2019/10/1,7178,1
2478,2019/9/9,2622,1
1066,2019/9/11,12163,1
712,2019/9/12,14539,0
105,2019/9/26,5853,1
1657,2019/9/2,13449,1
448,2019/9/20,3959,1
438,2019/9/12,6594,0
2414,2019/9/7,13445,0
2803,2019/9/14,4106,0
2079,2019/9/19,8384,1
2872,2019/9/30,8219,1
1671,2019/9/7,1819,0
1495,2019/9/29,4805,1
2238,2019/9/14,14851,0
903,2019/9/26,13469,1
148,2019/9/21,12217,1
1989,2019/9/16,3053,1
324,2019/9/12,10875,1
722,2019/9/18,5147,0
2224,2019/9/14,10338,0
1839,2019/9/6,10733,1
835,2019/9/1,6103,0
1413,2019/9/25,8917,1
464,2019/9/21,12803,0
1875,2019/9/24,13966,1
665,2019/9/30,5716,1
2958,2019/9/29,10684,0
886,2019/9/25,11740,0
2155,2019/9/13,5944,1
2028,2019/9/10,14439,1
1574,2019/9/6,8800,0
1532,2019/9/24,1958,0
2251,2019/9/2,2698,1
341,2019/9/30,9694,0
846,2019/9/1,9469,0
2008,2019/9/23,12290,1
1442,2019/9/2,2710,1
870,2019/9/28,14934,1
1530,2019/9/9,3018,0
2411,2019/9/5,1729,1
2843,2019/9/8,12886,0
1244,2019/9/7,14177,1
1924,2019/9/24,1683,0
1267,2019/9/17,4015,1
1183,2019/9/4,13145,1
841,2019/9/22,12255,0
981,2019/9/15,10994,1
1272,2019/9/12,14145,1
355,2019/9/5,9882,1
2460,2019/9/16,2557,1
2329,2019/9/23,3409,0
2635,2019/9/11,4943,1
1697,2019/9/30,9680,1
708,2019/9/17,7494,1
899,2019/9/8,2658,1
1755,2019/9/2,5038,0
258,2019/9/26,1665,1
416,2019/10/1,9659,1
893,2019/9/25,10497,1
2932,2019/9/3,14453,1
2529,2019/9/28,5687,1
2638,2019/9/16,6097,1
2030,2019/9/6,8092,0
1503,2019/9/29,8827,0
394,2019/9/19,5427,1
733,2019/9/1,5754,0
863,2019/9/27,13407,0
1947,2019/10/1,8591,1
2989,2019/9/18,4876,1
672,2019/9/9,11527,0
783,2019/9/7,13557,1
259,2019/9/4,13184,0
359,2019/9/27,7915,0
2835,2019/9/3,8663,0
1179,2019/9/20,8700,0
676,2019/9/18,4445,0
2937,2019/9/23,2297,0
884,2019/9/14,13221,0
2274,2019/9/6,3873,1
1022,2019/9/27,4935,1
2430,2019/9/3,14728,0
1554,2019/9/28,12066,0
1678,2019/9/14,7548,1
1325,2019/9/27,11133,1
1931,2019/9/22,2638,1
1509,2019/9/23,11662,1
1443,2019/9/23,10662,1
2733,2019/9/17,5094,0
2464,2019/9/22,5669,0
157,2019/9/16,3152,0
198,2019/9/5,4501,0
1223,2019/9/15,14702,0
278,2019/9/24,10633,1
1630,2019/9/16,3067,1
1077,2019/9/13,2292,0
1896,2019/9/7,9687,0
487,2019/9/11,12811,1
1049,2019/10/1,11252,1
2521,2019/9/17,13599,1
1226,2019/9/23,5225,1
2572,2019/9/15,14379,1
1144,2019/9/12,12808,1
317,2019/9/22,4860,1
1978,2019/9/9,11537,0
512,2019/9/9,8228,1
1021,2019/9/1,14344,0
2005,2019/9/27,1804,0
1478,2019/9/28,8012,0
1652,2019/9/13,1690,0
1638,2019/9/14,7683,0
2617,2019/9/2,10186,1
368,2019/9/7,3324,1
2604,2019/9/18,2075,0
2845,2019/9/7,13791,0
2351,2019/9/27,14247,0
2074,2019/9/3,10838,0
1284,2019/9/17,9341,1
2296,2019/9/18,10097,0
662,2019/9/18,4672,0
1000,2019/9/9,7436,0
2185,2019/9/23,4999,1
1311,2019/9/13,11291,1
568,2019/9/19,9358,0
2041,2019/9/29,7705,1
1607,2019/9/2,13035,1
2313,2019/9/9,4037,0
2397,2019/9/4,11650,0
362,2019/9/21,14929,0
909,2019/9/28,14837,0
478,2019/9/5,3886,0
1608,2019/9/20,11709,1
2362,2019/9/7,2448,1
264,2019/9/29,13855,1
2864,2019/9/12,9333,1
2766,2019/9/17,13183,1
2283,2019/9/23,13096,1
597,2019/9/15,10386,1
2435,2019/9/19,8366,1
2872,2019/9/5,13252,1
1907,2019/9/3,6322,1
2973,2019/10/1,2116,1
493,2019/9/21,8302,0
2433,2019/9/8,14269,1
2507,2019/9/16,1988,1
2051,2019/9/29,12055,0
695,2019/9/14,8198,1
704,2019/9/5,7829,0
2913,2019/9/16,9295,1
927,2019/9/18,7824,0
612,2019/9/4,10133,1
2904,2019/9/29,5134,0
2299,2019/9/26,7585,0
1666,2019/9/10,3894,1
2629,2019/9/14,12196,0
1170,2019/9/5,7988,1
2436,2019/9/15,12978,1
553,2019/9/18,4009,1
2791,2019/9/17,2585,0
2484,2019/9/30,13166,1
388,2019/9/12,6911,0
1027,2019/9/12,8212,1
1358,2019/9/2,8543,0
766,2019/9/6,9625,0
2630,2019/9/3,14310,0
2906,2019/9/9,10279,1
1835,2019/9/7,2432,0
2122,2019/9/22,2967,1
1127,2019/9/29,14577,1
1387,2019/9/21,10481,0
632,2019/9/3,10661,1
198,2019/9/19,14942,0
2969,2019/9/1,9318,1
2516,2019/9/14,5285,0
2830,2019/9/8,11929,0
187,2019/9/29,10812,1
1474,2019/9/4,4930,0
2912,2019/9/17,14585,0
897,2019/9/4,4737,1
374,2019/9/10,3482,1
1704,2019/9/11,6810,0
538,2019/9/17,13533,1
1019,2019/9/26,7797,1
2918,2019/9/6,5161,0
1328,2019/9/13,8647,0
1481,2019/9/8,13861,1
2097,2019/9/4,12672,1
2311,2019/10/1,1837,1
848,2019/9/6,3533,0
2874,2019/9/27,8793,0
2610,2019/9/25,5369,0
1778,2019/9/20,6397,1
380,2019/9/22,10748,0
1856,2019/9/3,10302,0
1008,2019/9/14,4200,1
2365,2019/9/28,6184,0
820,2019/9/23,13989,0
981,2019/9/26,13485,1
2173,2019/9/28,8867,0
367,2019/9/4,6928,0
1623,2019/9/21,14756,1
1319,2019/9/12,8838,0
250,2019/10/1,6623,0
2329,2019/9/28,10861,0
2230,2019/9/18,6756,1
742,2019/9/1,7685,1
644,2019/9/6,8173,1
2834,2019/9/16,8757,0
1230,2019/9/11,2065,0
1265,2019/9/22,12696,1
2170,2019/9/1,8917,0
480,2019/9/30,14150,0
965,2019/9/26,8960,0
2554,2019/9/6,5201,0
2307,2019/9/24,14440,0
2057,2019/9/8,10244,1
1534,2019/9/21,12933,1
1416,2019/9/21,14234,0
575,2019/9/26,14381,1
1002,2019/9/10,3312,1
2761,2019/9/5,9003,1
2807,2019/9/21,3845,0
419,2019/9/25,9595,0
1061,2019/9/20,8858,1
2622,2019/9/20,8963,0
2968,2019/9/29,1541,1
2116,2019/9/25,4805,1
2490,2019/9/17,10353,0
444,2019/9/19,1596,0
2124,2019/9/9,12590,0
2896,2019/9/3,11117,0
589,2019/9/16,8966,1
735,2019/9/5,9179,1
1710,2019/9/2,9763,0
1690,2019/9/26,3733,0
2394,2019/9/22,13678,1
1962,2019/9/4,3401,1
2501,2019/9/20,14631,1
2917,2019/9/5,1676,1
1752,2019/9/10,14973,0
2692,2019/9/12,9346,1
2501,2019/9/11,13564,0
2119,2019/9/27,1618,0
1391,2019/9/12,5782,0
2994,2019/9/1,6009,1
436,2019/9/15,6911,0
2236,2019/9/15,1555,0
2807,2019/9/1,3296,1
716,2019/9/15,3442,0
2005,2019/9/8,6992,1
1307,2019/9/27,2669,1
1782,2019/9/13,2306,1
705,2019/9/4,10541,1
1001,2019/9/24,9137,1
2812,2019/9/15,10954,1
2486,2019/9/6,7802,1
637,2019/10/1,6117,1
1509,2019/9/7,13518,1
874,2019/9/16,8332,1
767,2019/9/18,10901,1
2077,2019/9/19,9185,0
1578,2019/9/9,9389,1
1663,2019/9/2,4091,1
2027,2019/9/16,8772,1
1366,2019/9/5,7385,1
445,2019/9/9,8596,1
2960,2019/9/28,12213,1
1524,2019/9/18,8544,0
1683,2019/9/11,8937,0
317,2019/9/11,6108,1
645,2019/10/1,11224,0
2865,2019/9/16,5736,1
194,2019/9/21,13266,1
2527,2019/9/17,2739,0
2093,2019/9/15,5160,1
1084,2019/9/17,2673,0
1222,2019/9/7,5564,0
1771,2019/9/5,12314,1
1938,2019/9/6,2588,0
589,2019/9/2,1564,1
53,2019/9/27,10444,1
2210,2019/9/9,9953,0
2193,2019/9/5,8095,0
2217,2019/9/19,9839,0
1436,2019/9/29,10765,1
1046,2019/9/18,11667,0
394,2019/9/10,4242,1
635,2019/9/25,9497,1
512,2019/9/29,1754,1
1797,2019/9/16,13905,0
2985,2019/9/6,14335,1
2423,2019/9/7,8519,1
2195,2019/9/3,2465,0
1982,2019/9/1,13663,0
553,2019/9/14,11656,1
1036,2019/9/23,3551,0
1059,2019/9/29,4154,1
2117,2019/9/22,9605,0
392,2019/9/20,1785,1
2089,2019/9/27,14710,1
2143,2019/9/25,3671,1
2453,2019/9/19,3060,1
783,2019/9/18,4276,0
2591,2019/9/30,1766,0
1119,2019/9/24,8962,1
1801,2019/9/24,2886,1
1176,2019/9/18,5455,1
1958,2019/9/24,14400,1
2038,2019/9/5,13725,0
1773,2019/9/3,14958,1
305,2019/9/19,8653,1
2930,2019/9/4,13080,0
811,2019/9/2,10828,0
591,2019/9/12,13670,0
159,2019/9/2,13820,0
1112,2019/9/3,7925,0
304,2019/9/11,5297,1
1157,2019/9/1,12583,0
133,2019/9/25,8764,0
1313,2019/9/6,10413,1
2046,2019/9/15,11219,1
377,2019/9/6,14288,1
412,2019/9/11,4832,0
2708,2019/9/24,4765,1
446,2019/9/29,3862,1
858,2019/9/14,1955,0
1910,2019/9/24,13128,1
2332,2019/9/12,9751,0
1699,2019/9/3,5000,0
773,2019/9/10,2383,0
2167,2019/9/9,14702,1
174,2019/9/2,1504,1
2654,2019/9/23,11748,0
1172,2019/9/6,7514,0
895,2019/9/4,10525,1
2341,2019/9/10,3479,1
1346,2019/9/9,1937,1
1510,2019/9/27,3791,1
956,2019/9/21,11440,0
1098,2019/9/8,3915,1
953,2019/9/20,8964,0
2102,2019/9/12,8947,1
1356,2019/9/14,4445,0
2769,2019/9/28,7805,1
2325,2019/9/16,12395,1
1601,2019/9/24,11434,0
2745,2019/9/11,5065,1
2487,2019/9/12,2500,0
1723,2019/9/6,5789,1
1358,2019/9/17,10813,1
2901,2019/9/20,1845,0
1578,2019/9/6,5671,0
667,2019/9/13,4001,1
752,2019/9/5,2850,1
1497,2019/9/17,12764,1
2303,2019/9/11,14229,0
2826,2019/9/6,6452,1
2899,2019/9/9,2789,1
978,2019/9/18,14748,1
2513,2019/9/2,4448,0
1422,2019/9/29,5950,1
868,2019/9/26,9489,1
1578,2019/10/1,9306,1
1465,2019/9/2,8511,0
117,2019/9/15,3127,0
118,2019/9/16,10045,0
2138,2019/9/10,2927,1
728,2019/9/27,1577,1
2059,2019/9/9,8098,0
158,2019/9/22,6278,0
1331,2019/9/17,10632,0
90,2019/9/6,12696,1
436,2019/9/14,8105,1
2996,2019/9/30,10969,1
2752,2019/9/8,2823,1
2253,2019/9/16,3260,1
1937,2019/9/17,4616,0
1029,2019/9/16,6357,1
2530,2019/9/16,11768,0
2898,2019/9/5,3743,1
1571,2019/9/14,11496,0
902,2019/9/7,1931,0
2914,2019/9/9,8864,0
2398,2019/9/18,1844,0
2662,2019/9/15,6111,0
80,2019/9/29,14982,1
2583,2019/9/9,10786,1
1808,2019/9/26,6820,1
603,2019/9/30,7530,1
789,2019/9/3,10123,0
1858,2019/9/28,11932,0
2073,2019/9/7,7350,0
2830,2019/9/27,12028,1
745,2019/9/16,5547,1
1286,2019/9/26,14258,1
1962,2019/9/10,14140,1
1942,2019/9/7,7325,0
456,2019/9/6,13314,0
2273,2019/9/27,6511,1
2915,2019/9/2,13377,0
2874,2019/9/6,3639,1
2354,2019/9/23,11472,1
2722,2019/9/6,14940,0
1801,2019/9/7,3278,1
351,2019/9/20,8081,0
1349,2019/9/19,1587,1
924,2019/9/18,8350,0
2484,2019/9/22,12056,1
1167,2019/9/9,4552,0
2730,2019/9/19,10016,0
2564,2019/10/1,9843,0
1802,2019/9/10,12468,0
2273,2019/9/16,14104,1
2320,2019/9/22,6914,0
2017,2019/9/9,1727,1
1821,2019/9/6,7257,1
2740,2019/9/8,12945,1
2171,2019/9/24,9706,0
1462,2019/9/23,12311,0
601,2019/9/2,7780,0
1654,2019/9/17,8697,0
802,2019/9/25,6505,0
2405,2019/9/12,11536,1
1116,2019/9/7,10879,1
2571,2019/9/4,13305,1
2699,2019/9/10,10692,0
2186,2019/9/9,12478,1
940,2019/9/15,12788,0
691,2019/9/30,6007,1
860,2019/9/18,7961,1
898,2019/9/11,4687,0
2055,2019/9/29,12841,0
2219,2019/9/9,8199,1
228,2019/9/12,7313,0
1236,2019/9/27,2362,0
596,2019/9/3,5364,0
2633,2019/9/23,6312,1
2733,2019/9/25,7365,1
318,2019/9/28,6820,0
997,2019/9/30,11367,1
338,2019/9/25,2266,0
2968,2019/9/5,8127,0
2274,2019/9/2,6488,0
113,2019/9/29,6462,0
281,2019/9/26,13949,1
2918,2019/9/21,11692,1
1261,2019/9/4,5942,0
2975,2019/9/20,2730,0
323,2019/9/26,10399,1
354,2019/9/30,11814,0
2786,2019/9/29,3372,1
822,2019/9/8,14876,1
2028,2019/9/27,1522,0
2864,2019/9/28,6078,0
2413,2019/9/28,6948,0
528,2019/9/12,14999,0
1858,2019/9/17,4720,1
2667,2019/9/10,5980,1
1283,2019/9/12,13354,0
1285,2019/9/16,7576,1
217,2019/9/19,4058,0
519,2019/10/1,12503,0
1066,2019/9/2,8769,1
1017,2019/9/12,2954,1
1771,2019/9/1,12111,0
1685,2019/9/17,4278,1
2487,2019/9/21,8674,1
2473,2019/9/5,7987,0
966,2019/9/30,6936,1
1573,2019/9/16,8754,0
2003,2019/9/5,10316,1
1008,2019/9/21,9783,0
334,2019/9/28,10478,1
2796,2019/9/11,7444,0
2983,2019/9/25,13527,0
1657,2019/9/6,14258,1
2848,2019/9/16,6699,0
2624,2019/9/4,14583,0
1898,2019/9/27,5469,1
581,2019/9/5,1663,1
1634,2019/9/8,10908,1
1601,2019/9/16,9220,1
1716,2019/9/13,13732,0
474,2019/9/25,14799,0
753,2019/9/2,3416,1
447,2019/9/13,14036,0
2219,2019/9/14,2573,1
2307,2019/9/4,14121,0
1486,2019/9/4,6430,0
2236,2019/9/7,13394,0
1741,2019/10/1,2424,1
1972,2019/9/25,8706,1
1111,2019/9/18,11502,1
630,2019/9/20,4579,0
1348,2019/9/21,10179,0
1915,2019/10/1,12651,0
373,2019/9/6,2985,1
1457,2019/9/10,3145,1
372,2019/9/10,1797,1
2719,2019/9/3,3624,0
2608,2019/9/3,8510,1
1880,2019/9/20,2336,1
2476,2019/9/23,8205,0
285,2019/9/11,12820,1
2453,2019/9/4,4072,0
449,2019/9/11,13437,1
273,2019/9/7,9485,1
1430,2019/9/21,6785,1
2003,2019/9/2,2558,1
1758,2019/9/23,13920,0
1359,2019/9/25,9818,1
2788,2019/9/17,14355,0
1169,2019/9/27,5606,1
2908,2019/9/3,8339,1
2166,2019/9/28,5072,1
1712,2019/9/12,4450,0
1898,2019/9/14,7359,1
688,2019/9/14,1580,0
182,2019/9/8,13375,1
2366,2019/9/8,5788,0
809,2019/9/30,4126,1
2698,2019/9/2,12801,1
1310,2019/9/13,6748,0
557,2019/9/12,14656,0
1757,2019/9/13,11789,0
2015,2019/9/3,7927,0
882,2019/9/12,12563,0
2544,2019/9/19,10286,0
649,2019/9/20,11091,0
1866,2019/9/24,11616,1
756,2019/9/17,9724,1
2285,2019/9/11,3720,0
2043,2019/9/1,10925,0
501,2019/9/17,4962,0
2446,2019/9/24,5166,1
2872,2019/9/10,12077,0
286,2019/9/4,3470,1
2480,2019/9/3,13385,1
2743,2019/9/14,1887,0
183,2019/9/12,6511,1
922,2019/9/3,12891,0
247,2019/9/18,2270,1
2840,2019/9/26,7108,0
1021,2019/9/6,9151,0
2167,2019/9/16,5432,1
2107,2019/9/18,4667,1
2377,2019/9/8,2696,1
1562,2019/9/6,7116,1
945,2019/9/30,12048,0
1874,2019/9/11,5675,0
1947,2019/9/8,8299,1
2928,2019/9/2,4891,0
2781,2019/9/3,9462,0
2122,2019/9/2,8388,1
1645,2019/9/9,9876,0
1664,2019/9/14,7772,1
643,2019/9/6,13843,0
2992,2019/9/16,8631,0
2850,2019/9/14,10815,0
200,2019/9/7,13659,1
650,2019/9/19,5837,0
2390,2019/9/25,6462,0
1702,2019/9/13,12804,0
436,2019/9/14,11136,0
51,2019/9/16,4303,1
574,2019/9/24,10802,0
564,2019/9/3,8886,1
1105,2019/9/7,4967,0
2892,2019/9/5,5733,1
1115,2019/9/1,9528,1
870,2019/9/7,9729,1
2992,2019/9/20,11029,1
215,2019/9/9,5334,1
1841,2019/9/29,10077,0
2720,2019/9/28,14252,0
2528,2019/9/4,12158,1
1742,2019/9/28,9762,1
1484,2019/9/22,10385,0
2241,2019/9/22,3929,1
830,2019/9/3,10826,0
1369,2019/9/27,2056,1
1211,2019/9/5,14271,0
1496,2019/9/21,1614,0
2140,2019/9/30,3970,0
419,2019/9/21,9897,0
1025,2019/9/14,2917,1
1623,2019/9/15,1780,0
925,2019/9/18,14451,0
1081,2019/10/1,2388,1
862,2019/9/11,5663,1
527,2019/9/25,14218,0
1789,2019/9/14,3044,1
2722,2019/9/8,4633,1
2267,2019/9/7,13556,1
863,2019/9/30,10256,0
2255,2019/9/6,11704,1
1599,2019/9/18,2054,0
1758,2019/9/23,12957,0
95,2019/9/28,14794,1
2759,2019/9/20,12908,1
334,2019/9/13,3193,1
297,2019/9/22,13884,0
576,2019/9/6,9128,1
294,2019/10/1,11322,0
540,2019/9/24,10685,0
614,2019/9/21,4614,1
2053,2019/9/20,14769,0
1990,2019/9/24,9049,1
532,2019/9/27,11064,0
2922,2019/9/16,5088,1
834,2019/9/4,9551,0
1662,2019/9/30,7233,0
189,2019/9/12,13873,0
729,2019/9/29,5625,1
168,2019/9/28,8612,1
89,2019/9/12,3612,0
909,2019/9/22,3417,0
2395,2019/9/14,11352,0
190,2019/9/10,11224,0
2494,2019/9/13,2518,1
1691,2019/9/12,6456,0
1128,2019/9/23,7561,1
2600,2019/9/14,9796,1
1489,2019/9/7,2357,1
1661,2019/9/4,5073,0
2823,2019/9/22,11819,0
1914,2019/9/4,2624,0
581,2019/9/12,13696,0
120,2019/9/17,10176,1
1650,2019/9/3,8867,0
2302,2019/9/1,13301,1
1905,2019/9/8,7936,1
1465,2019/9/4,1504,0
1483,2019/9/15,10553,0
1226,2019/9/28,2907,0
303,2019/9/26,11227,0
260,2019/9/16,4550,0
1311,2019/9/12,4190,1
2463,2019/9/25,6919,1
1868,2019/9/17,9956,1
1676,2019/9/24,14839,1
2064,2019/9/4,13264,0
1380,2019/9/4,3677,0
320,2019/9/11,12341,0
2480,2019/9/25,2013,1
1128,2019/9/3,4477,1
2076,2019/9/5,3706,0
383,2019/9/11,13359,0
548,2019/9/4,1813,0
1974,2019/10/1,2537,1
213,2019/9/4,3479,0
1168,2019/9/8,5426,1
1543,2019/9/19,9006,0
660,2019/9/7,5704,0
1545,2019/9/18,11616,0
930,2019/9/20,6867,0
1851,2019/9/8,3699,0
1329,2019/9/26,4663,0
2182,2019/9/24,6281,0
1455,2019/9/19,4742,1
1801,2019/9/23,8390,1
2425,2019/9/21,10481,1
1618,2019/9/14,13237,0
2680,2019/9/22,4894,1
281,2019/9/25,7502,1
513,2019/9/3,12854,1
77,2019/9/23,8242,1
604,2019/9/6,14660,0
733,2019/9/25,14794,1
590,2019/9/14,4767,0
2652,2019/9/3,1758,1
949,2019/9/23,14263,1
1241,2019/9/19,5931,0
1971,2019/9/26,8640,0
782,2019/9/22,13139,0
88,2019/9/30,1884,1
191,2019/9/16,14902,0
1354,2019/9/4,7074,0
227,2019/9/6,5862,0
167,2019/9/6,6437,1
1221,2019/9/20,12133,1
1089,2019/9/2,11237,0
704,2019/9/25,14237,1
2737,2019/9/2,10895,1
659,2019/9/4,3215,0
2469,2019/9/18,8942,0
2870,2019/9/24,8158,1
1750,2019/9/18,1703,0
1477,2019/9/25,13653,0
2978,2019/9/5,13416,1
87,2019/9/10,13966,0
1852,2019/9/10,13091,0
2604,2019/9/25,13562,0
2008,2019/9/20,3534,0
1594,2019/9/13,9943,1
1700,2019/9/16,11535,1
927,2019/9/8,12989,1
2910,2019/9/1,13339,0
2637,2019/9/30,8236,1
2236,2019/9/16,4086,0
461,2019/9/11,2997,0
1873,2019/9/6,6520,0
2487,2019/9/17,4922,1
2282,2019/9/14,4015,0
200,2019/9/5,14147,1
606,2019/9/30,5188,0
297,2019/9/24,4730,0
1544,2019/9/1,1768,0
1584,2019/9/22,8285,1
539,2019/9/16,11328,1
2958,2019/9/2,4188,1
2487,2019/9/3,9342,1
281,2019/9/9,9984,1
1458,2019/9/18,7410,0
943,2019/9/22,8045,0
369,2019/9/20,3861,0
893,2019/9/14,13923,0
675,2019/9/1,10851,0
378,2019/9/13,5136,0
1397,2019/9/24,9048,1
409,2019/9/26,4703,0
1278,2019/9/6,10182,0
1758,2019/9/15,8646,0
685,2019/9/30,6816,1
2860,2019/9/1,5634,1
2279,2019/9/25,3210,1
1569,2019/9/15,9546,0
317,2019/9/23,3928,1
1832,2019/9/10,10617,1
1472,2019/10/1,6980,0
1671,2019/9/1,8639,0
678,2019/9/9,7133,0
2926,2019/9/26,3646,1
319,2019/9/9,12232,0
1096,2019/9/19,10740,1
519,2019/9/29,14900,0
89,2019/9/24,3640,1
510,2019/9/22,10019,0
2459,2019/9/28,8361,1
1773,2019/9/1,11748,0
2988,2019/9/21,14117,0
915,2019/9/16,12818,0
1094,2019/9/30,8975,1
1924,2019/9/26,10211,0
922,2019/9/9,11822,0
2089,2019/9/6,10707,1
2179,2019/9/14,13862,1
2194,2019/9/24,9630,0
2255,2019/9/7,3804,1
1176,2019/9/27,6490,0
682,2019/9/18,6394,0
2691,2019/9/20,12481,0
2130,2019/9/25,13929,0
1030,2019/9/3,1565,1
1756,2019/9/2,3986,0
2614,2019/9/27,1546,0
2066,2019/9/29,13394,0
1210,2019/9/23,8497,1
1340,2019/9/8,7414,1
918,2019/9/8,14356,1
871,2019/9/2,1640,1
279,2019/9/23,7532,0
822,2019/9/23,8820,0
475,2019/9/28,8009,0
2599,2019/9/20,6087,0
2136,2019/9/5,12965,1
706,2019/9/29,2123,1
2333,2019/9/11,1553,1
1465,2019/9/25,6808,0
1278,2019/9/19,9666,1
1540,2019/9/10,2026,0
1481,2019/9/8,14254,0
521,2019/9/5,9104,1
987,2019/9/21,12117,1
1679,2019/9/18,3737,0
310,2019/9/22,11318,0
680,2019/9/14,7083,0
2017,2019/9/29,12413,0
1855,2019/9/24,14357,0
1809,2019/9/11,3250,1
1633,2019/9/19,12773,1
784,2019/9/16,7143,0
1504,2019/10/1,1893,1
555,2019/9/19,4400,0
810,2019/9/4,14752,1
1302,2019/9/29,14321,0
1842,2019/9/30,5360,1
1434,2019/9/9,5238,1
118,2019/9/30,7786,0
749,2019/9/13,11697,1
2769,2019/9/26,6918,0
1964,2019/9/22,3115,0
2703,2019/9/20,11957,1
916,2019/9/29,13086,1
821,2019/9/7,11369,0
2369,2019/9/18,8434,1
1222,2019/9/14,6765,1
1683,2019/9/29,11269,0
886,2019/9/23,9633,1
162,2019/9/7,8382,1
1558,2019/9/10,3844,1
1709,2019/9/21,12066,1
1294,2019/9/6,9147,0
2042,2019/9/27,2218,1
2221,2019/9/4,3450,1
773,2019/9/27,7216,1
146,2019/9/23,5587,1
2007,2019/10/1,9211,0
1917,2019/9/1,8834,0
1451,2019/9/23,10546,1
2074,2019/9/25,11127,1
2473,2019/9/27,12755,0
2575,2019/9/1,6617,0
1236,2019/9/30,5754,0
458,2019/9/15,5717,0
2455,2019/9/23,11136,0
1855,2019/10/1,12691,1
2364,2019/9/29,2856,0
61,2019/9/28,7116,1
1742,2019/9/11,7690,0
431,2019/9/3,9930,0
750,2019/9/27,7122,0
624,2019/9/8,13430,0
2542,2019/9/3,5185,0
2141,2019/9/12,6867,0
2065,2019/9/15,9833,1
1869,2019/9/19,11249,0
2421,2019/9/23,3709,0
2579,2019/10/1,14729,1
2487,2019/9/14,8815,1
1590,2019/9/25,5408,0
1085,2019/9/3,12696,1
1908,2019/9/25,9274,0
2598,2019/9/25,7052,1
2669,2019/9/24,6464,0
1870,2019/10/1,10532,0
1401,2019/9/21,11827,0
1365,2019/9/13,7409,1
2847,2019/9/26,13616,0
1861,2019/9/1,4300,0
1704,2019/9/2,13325,0
957,2019/9/11,8665,1
1086,2019/9/9,1518,1
1719,2019/9/22,14869,0
1428,2019/9/11,7945,1
2047,2019/9/26,7212,1
2559,2019/9/28,6857,0
2568,2019/9/8,6697,1
1365,2019/9/15,2417,1
1448,2019/9/14,11666,0
1700,2019/9/21,1792,0
2546,2019/9/29,7056,0
833,2019/9/25,10014,0
2836,2019/9/14,4466,1
1797,2019/9/6,13332,1
1263,2019/9/23,5589,0
2409,2019/9/27,6194,0
1735,2019/9/9,5171,0
1221,2019/9/4,11653,1
531,2019/9/19,4062,1
356,2019/9/22,13540,0
1607,2019/9/3,10051,1
1697,2019/9/20,6774,1
2720,2019/9/18,5313,0
324,2019/9/9,13959,0
2247,2019/9/17,12473,0
1889,2019/9/23,7138,0
256,2019/9/21,6434,0
415,2019/9/5,5470,0
531,2019/9/18,3859,0
250,2019/9/18,9104,1
953,2019/9/6,1680,1
719,2019/9/16,5998,0
1080,2019/9/12,13311,0
2670,2019/9/9,1610,0
2829,2019/9/24,6956,0
781,2019/9/3,5945,1
543,2019/9/27,9343,1
2443,2019/9/17,6177,1
1184,2019/9/9,5038,1
2355,2019/9/15,9254,1
1101,2019/9/18,8818,1
2537,2019/9/21,12687,1
1630,2019/9/8,7227,0
288,2019/9/25,14018,1
1335,2019/9/19,6928,1
2153,2019/9/11,14394,1
1772,2019/9/30,2978,1
2664,2019/9/6,4691,0
2470,2019/9/14,10919,1
2653,2019/9/18,1619,0
2208,2019/9/12,12478,1
1663,2019/9/5,13631,0
1200,2019/9/24,10724,0
2567,2019/9/23,10766,1
1326,2019/9/8,1869,1
1552,2019/10/1,5589,1
467,2019/9/18,14148,0
1461,2019/9/29,13228,0
466,2019/9/17,12898,0
1043,2019/9/27,7887,0
1643,2019/9/21,14742,1
2978,2019/9/8,11596,1
644,2019/9/30,7318,0
1116,2019/9/12,4215,1
993,2019/9/14,3641,0
2831,2019/9/23,9760,0
2537,2019/9/23,10651,1
1058,2019/9/11,4972,1
117,2019/9/6,5057,1
1226,2019/9/23,4753,1
148,2019/9/9,13132,1
1375,2019/9/6,13933,0
2879,2019/9/11,4143,0
1757,2019/9/7,14226,0
2856,2019/9/29,14526,0
1686,2019/9/6,13025,0
1448,2019/9/2,3277,0
2508,2019/9/8,14419,0
1171,2019/9/16,8343,0
1887,2019/9/5,13963,0
420,2019/9/3,12438,0
1373,2019/9/1,8717,1
526,2019/9/2,8374,1
655,2019/9/10,9776,0
124,2019/9/3,9236,1
2671,2019/9/9,6140,0
362,2019/9/28,7138,1
2889,2019/9/11,9122,1
1330,2019/9/1,6433,1
1678,2019/9/30,13028,0
1365,2019/9/22,5023,1
2375,2019/9/28,8490,1
280,2019/9/29,14745,0
373,2019/9/14,8908,0
1219,2019/9/21,1690,0
2313,2019/9/29,10684,1
1663,2019/9/6,13775,0
2436,2019/9/30,2958,0
524,2019/9/29,12954,0
2177,2019/9/2,2941,1
895,2019/9/25,6185,0
463,2019/9/10,3332,1
2523,2019/9/21,9031,0
2887,2019/9/28,4579,1
2569,2019/9/15,3153,1
2436,2019/9/4,12658,1
2072,2019/9/18,4371,0
252,2019/9/4,2517,0
2699,2019/9/30,7860,0
298,2019/9/11,14813,1
2580,2019/9/27,9250,0
398,2019/9/17,5388,0
504,2019/9/30,9697,0
2263,2019/9/25,14045,1
2384,2019/9/28,7166,1
1432,2019/9/19,2197,1
1840,2019/9/5,3794,0
712,2019/9/17,5172,0
2821,2019/9/19,7069,0
2886,2019/9/28,8668,0
443,2019/9/12,9255,0
2480,2019/9/10,13331,0
350,2019/9/8,2835,1
1881,2019/9/7,1986,1
456,2019/9/4,13760,0
2709,2019/9/2,4069,0
173,2019/9/6,2752,0
1000,2019/9/5,1510,0
184,2019/9/12,6110,1
2536,2019/9/30,2965,0
1196,2019/9/28,3497,1
2313,2019/9/5,12224,0
2458,2019/10/1,9583,1
2637,2019/9/10,7667,0
2639,2019/9/9,12325,1
2438,2019/9/19,6794,1
2354,2019/9/18,9057,0
303,2019/9/26,9745,0
2430,2019/9/4,2020,0
1303,2019/9/24,7375,1
578,2019/9/21,4783,0
1455,2019/9/11,3848,0
2796,2019/9/5,13273,0
2238,2019/9/27,14251,0
2805,2019/9/14,12741,1
1465,2019/9/2,3783,0
120,2019/9/15,1916,1
1019,2019/10/1,9378,0
321,2019/10/1,12358,1
1648,2019/9/16,5233,0
1077,2019/9/15,11024,0
1384,2019/9/13,9221,0
1254,2019/9/5,12314,0
2058,2019/9/19,7421,0
534,2019/9/14,7823,0
853,2019/9/18,14870,1
912,2019/9/17,10766,0
472,2019/9/7,11719,1
925,2019/9/14,13941,1
818,2019/9/6,9383,1
2433,2019/9/26,6665,0
1881,2019/9/29,5573,1
1290,2019/9/5,3453,0
984,2019/9/18,10319,1
1645,2019/9/27,11630,1
545,2019/9/4,14751,1
598,2019/9/17,1503,0
1833,2019/9/28,10901,0
2627,2019/9/29,5886,1
2124,2019/9/28,3071,0
2183,2019/9/24,2528,0
2396,2019/9/15,11582,1
1212,2019/9/5,12623,0
2034,2019/9/28,11281,0
1831,2019/9/9,10355,1
1463,2019/9/23,7384,1
1464,2019/9/24,6291,1
2202,2019/9/12,5436,1
2989,2019/9/17,9459,1
2188,2019/9/20,7233,1
1088,2019/9/5,6461,0
2515,2019/9/14,14580,0
1947,2019/9/18,14699,0
1373,2019/9/19,12372,1
1416,2019/9/20,14253,0
2491,2019/9/15,5451,1
1597,2019/9/30,14462,1
1584,2019/9/22,4276,1
2798,2019/9/14,5844,0
1944,2019/9/17,3531,0
2707,2019/9/11,1569,1
1722,2019/9/21,7287,0
292,2019/9/17,4292,0
1937,2019/9/6,3539,1
511,2019/9/14,5359,0
242,2019/10/1,4216,1
709,2019/9/8,6981,1
71,2019/9/19,13478,1
2695,2019/9/12,3232,0
2023,2019/10/1,8675,0
1740,2019/9/1,10918,0
2870,2019/9/21,10359,1
963,2019/9/6,10357,1
721,2019/9/10,5108,1
2443,2019/9/4,4842,1
304,2019/9/5,7158,0
2304,2019/9/5,13072,1
215,2019/9/12,8184,1
1881,2019/9/30,7908,0
708,2019/9/8,2476,0
1782,2019/9/16,5566,1
1580,2019/9/25,13886,1
2061,2019/9/22,11531,1
2296,2019/9/17,8532,1
1165,2019/9/12,8112,0
2086,2019/9/16,9138,0
1695,2019/9/3,5865,1
1417,2019/9/4,9822,0
688,2019/9/26,10857,1
2061,2019/9/3,13109,1
2277,2019/9/10,9514,1
1856,2019/10/1,12227,1
2691,2019/9/13,8306,1
430,2019/9/13,6387,1
2680,2019/9/4,7347,0
1527,2019/9/7,8301,0
1185,2019/9/6,2131,0
1752,2019/9/17,13104,1
325,2019/9/9,13629,0
673,2019/9/22,11741,1
1845,2019/9/1,7172,1
929,2019/9/6,8759,1
1676,2019/9/5,4958,1
934,2019/10/1,4686,1
208,2019/9/28,12675,1
702,2019/9/25,11561,0
1955,2019/9/10,8090,1
2805,2019/10/1,10711,1
1898,2019/9/27,8511,0
1733,2019/9/14,5563,0
507,2019/9/23,14330,0
1782,2019/9/4,11230,0
2900,2019/9/28,13975,0
2608,2019/9/12,5165,1
2029,2019/9/22,8919,0
1809,2019/9/13,13789,0
558,2019/9/4,10582,1
1713,2019/9/15,4126,0
1053,2019/9/14,10539,1
1814,2019/9/23,12981,1
2865,2019/9/6,6811,1
1804,2019/9/22,7324,1
1343,2019/9/25,5500,0
1467,2019/9/8,4879,0
1214,2019/9/13,7536,0
1932,2019/9/2,10986,1
2497,2019/9/26,7426,0
1371,2019/9/14,10478,1
454,2019/9/11,9783,1
736,2019/9/1,7010,1
2041,2019/9/7,4124,1
2246,2019/9/16,9933,0
932,2019/9/19,7786,0
1208,2019/9/10,5854,1
1309,2019/9/24,8075,0
646,2019/9/17,6886,1
2881,2019/9/20,10316,0
2886,2019/9/20,14965,1
425,2019/9/28,12275,0
302,2019/9/9,11318,0
1925,2019/9/3,11022,0
944,2019/9/1,7749,0
405,2019/9/30,10781,1
497,2019/9/29,5316,1
1247,2019/9/9,9172,0
2518,2019/9/27,1764,0
2738,2019/9/6,13782,1
1873,2019/9/8,10857,1
740,2019/9/18,5248,0
2344,2019/9/26,6292,1
1547,2019/9/29,7917,0
1460,2019/9/15,12213,0
607,2019/9/23,10786,0
2024,2019/9/25,11433,0
939,2019/9/21,13421,1
1002,2019/9/9,2732,0
663,2019/9/23,12020,0
2925,2019/9/22,14763,1
2923,2019/9/21,1661,0
2392,2019/9/13,3170,0
1566,2019/9/23,7233,0
2565,2019/9/24,13850,1
1508,2019/9/15,6528,1
1115,2019/9/16,9853,0
447,2019/9/3,6177,1
2496,2019/9/22,8271,1
2906,2019/9/2,7177,0
2425,2019/10/1,14800,0
881,2019/10/1,8833,1
666,2019/9/21,4027,1
1051,2019/9/29,10931,1
2947,2019/9/15,9177,0
2110,2019/9/4,6878,0
2484,2019/9/17,8290,1
204,2019/9/3,5929,1
1432,2019/9/6,12193,0
2496,2019/9/17,12963,0
1183,2019/9/18,4648,1
2741,2019/9/15,13994,1
1838,2019/9/30,1610,1
656,2019/9/30,10696,1
836,2019/9/15,7608,0
2031,2019/9/25,2114,1
399,2019/9/30,2750,0
174,2019/9/5,4466,1
2451,2019/9/27,10246,1
357,2019/9/30,4586,0
1727,2019/9/12,13545,1
751,2019/9/5,12184,1
2051,2019/9/30,3738,0
448,2019/9/11,12755,0
2882,2019/9/27,2448,1
1729,2019/9/6,2377,0
2064,2019/9/15,14245,1
2290,2019/9/2,9814,1
1803,2019/9/3,7271,0
749,2019/9/11,9595,0
1460,2019/9/2,13742,1
2280,2019/9/28,10562,0
2447,2019/9/23,10927,1
2647,2019/9/4,9270,0
2934,2019/9/1,6656,1
1577,2019/9/21,12099,1
996,2019/9/14,11613,1
2565,2019/9/17,11513,0
1465,2019/9/9,5547,1
967,2019/9/10,14045,1
2366,2019/9/8,10902,0
316,2019/9/9,12800,0
473,2019/9/23,14989,1
2057,2019/9/8,6482,1
2797,2019/9/6,14983,1
2858,2019/9/19,5503,0
956,2019/9/16,9777,1
2220,2019/9/19,5306,0
1217,2019/9/2,11482,1
1681,2019/9/10,9879,0
2244,2019/9/10,3140,1
385,2019/9/9,12117,1
2744,2019/9/14,2697,0
272,2019/9/19,9038,1
1668,2019/9/8,8267,1
2955,2019/9/11,10213,1
1930,2019/9/3,2979,0
763,2019/9/4,12162,1
2878,2019/9/15,8258,1
1537,2019/9/17,4298,1
783,2019/9/6,11967,1
2059,2019/9/3,3795,0
2227,2019/9/25,1758,1
562,2019/9/11,12451,1
1247,2019/9/17,9417,0
746,2019/9/13,12773,1
1881,2019/10/1,6884,1
1616,2019/9/28,4944,0
1984,2019/9/22,12040,1
233,2019/9/13,2628,1
317,2019/9/30,1836,0
1742,2019/9/5,3406,0
2476,2019/9/2,4307,0
1267,2019/9/10,11450,1
1133,2019/9/9,3060,0
788,2019/9/28,3654,1
777,2019/9/13,3763,1
1165,2019/9/23,10877,1
229,2019/9/12,10769,1
1082,2019/9/24,2593,1
868,2019/9/26,3083,1
669,2019/9/18,11663,1
2219,2019/9/6,11305,1
748,2019/9/3,9068,1
1216,2019/9/10,4282,1
1608,2019/9/2,7573,0
2530,2019/9/1,7608,0
1867,2019/9/7,11102,0
2119,2019/9/26,6651,1
2676,2019/9/5,14090,0
1067,2019/9/25,11834,1
549,2019/9/10,5854,1
1958,2019/9/2,4636,0
571,2019/9/20,5091,1
104,2019/9/25,10991,0
913,2019/9/12,2855,1
2501,2019/9/21,14887,1
2668,2019/9/10,12900,1
1789,2019/9/14,4127,0
1009,2019/9/5,7409,0
1679,2019/9/15,8654,1
416,2019/9/15,10360,0
1966,2019/9/2,8448,1
758,2019/9/14,13824,0
1052,2019/10/1,9877,1
250,2019/9/30,4905,0
2782,2019/9/3,5578,1
71,2019/9/15,9512,0
185,2019/9/25,14531,0
310,2019/9/20,11858,0
2289,2019/9/19,14644,1
423,2019/9/20,9867,0
2244,2019/9/7,14130,1
1939,2019/9/3,3025,1
1759,2019/9/23,3362,1
2841,2019/9/7,7894,0
326,2019/9/23,11527,0
247,2019/9/15,5197,0
2499,2019/9/2,10667,0
1699,2019/9/25,9999,1
1667,2019/9/24,10219,1
1128,2019/9/28,7082,0
1890,2019/9/17,5375,0
743,2019/9/19,11524,1
425,2019/9/14,6311,1
2528,2019/9/6,10199,0
722,2019/9/8,4349,1
954,2019/9/23,6526,1
1539,2019/9/23,7955,0
1812,2019/9/18,6538,0
2964,2019/10/1,9497,1
67,2019/9/18,11760,1
454,2019/9/29,10558,1
2035,2019/9/21,13548,1
495,2019/9/6,10748,1
2835,2019/9/7,10140,0
1733,2019/9/28,2147,1
591,2019/9/17,7691,0
2893,2019/9/17,11279,1
1614,2019/9/1,14275,1
1643,2019/9/25,12936,0
2905,2019/9/20,6141,0
157,2019/9/25,14779,1
2860,2019/9/13,7942,1
1181,2019/9/12,8303,1
2236,2019/9/2,2261,0
2976,2019/9/12,7775,1
2142,2019/9/19,3618,0
2457,2019/9/29,10508,0
494,2019/9/8,11681,1
1097,2019/9/30,9618,1
999,2019/9/21,10703,0
2692,2019/9/13,8209,0
2851,2019/9/11,9873,0
339,2019/9/21,2071,1
989,2019/9/9,3015,1
408,2019/9/19,9311,0
1560,2019/9/28,14427,0
136,2019/9/1,8192,1
1882,2019/10/1,9909,1
360,2019/9/14,9626,0
2831,2019/9/3,8496,0
2747,2019/9/20,7397,1
1538,2019/9/9,2496,1
2007,2019/9/2,6611,0
2507,2019/9/1,9067,0
1123,2019/9/12,14176,1
2037,2019/9/6,9735,1
585,2019/9/19,3134,1
2999,2019/9/4,12822,0
116,2019/9/24,11609,1
2545,2019/9/8,8071,0
1438,2019/9/7,8260,1
2942,2019/9/16,5285,0
1564,2019/9/26,11081,1
2947,2019/9/10,12342,0
2333,2019/9/22,12863,1
2614,2019/9/26,11307,1
1338,2019/9/27,13927,0
63,2019/9/12,6946,0
184,2019/9/30,13987,0
2984,2019/9/26,5833,1
1919,2019/9/10,2698,1
2827,2019/9/19,14479,1
1149,2019/9/29,2571,1
1818,2019/9/28,10268,0
2306,2019/9/17,7229,0
1878,2019/9/10,7597,1
323,2019/9/27,10451,1
2645,2019/9/17,13959,1
1588,2019/9/21,4460,1
442,2019/9/7,11085,0
246,2019/9/26,7792,1
1135,2019/9/29,3549,1
2299,2019/9/24,11447,0
2654,2019/9/12,2668,1
2849,2019/9/12,10423,1
1808,2019/9/4,2703,1
473,2019/10/1,2967,1
2033,2019/9/20,1922,0
430,2019/9/20,6290,0
1115,2019/9/17,12040,0
841,2019/9/10,9843,1
825,2019/9/19,5377,0
1505,2019/9/26,4135,0
1965,2019/9/7,1848,0
2132,2019/9/3,2027,0
196,2019/9/29,6220,1
2447,2019/9/14,9492,1
993,2019/9/2,9200,1
937,2019/9/4,1549,0
873,2019/9/20,9637,1
825,2019/9/18,10321,1
629,2019/9/24,14253,1
1275,2019/9/29,8925,0
662,2019/9/8,7556,0
883,2019/9/25,8921,1
2738,2019/9/18,13087,0
2968,2019/9/24,14568,0
2817,2019/9/14,6981,1
1984,2019/9/10,6938,1
2079,2019/9/6,5778,1
615,2019/9/16,4024,1
254,2019/9/25,5347,0
2979,2019/9/23,12110,1
426,2019/9/29,14386,0
1940,2019/9/16,10703,1
138,2019/9/25,7851,0
196,2019/9/1,5237,1
1096,2019/9/4,4517,1
2852,2019/9/7,12517,1
2373,2019/9/5,1892,1
1597,2019/9/6,5136,0
1529,2019/9/28,5622,1
1192,2019/9/17,9664,1
1946,2019/9/28,8946,1
1891,2019/9/7,6581,1
1209,2019/9/10,3478,1
2933,2019/9/26,7334,0
1617,2019/9/7,10583,0
2572,2019/9/3,8529,0
2275,2019/9/20,13961,0
682,2019/9/27,9150,1
2290,2019/9/25,13827,0
357,2019/9/15,5824,0
466,2019/9/10,10869,1
756,2019/9/7,10654,1
1008,2019/9/28,10699,0
976,2019/9/4,6175,1
2162,2019/9/1,4978,0
1702,2019/9/7,14494,1
470,2019/9/21,5291,0
1696,2019/9/20,14975,0
1842,2019/9/22,7330,0
897,2019/9/21,9612,1
926,2019/9/4,3225,0
2256,2019/9/15,2796,0
2484,2019/10/1,11985,0
2864,2019/10/1,5909,1
2250,2019/9/1,1588,1
1537,2019/9/6,2185,0
2216,2019/9/29,1859,1
528,2019/9/13,2142,0
384,2019/9/12,14362,0
253,2019/9/5,9902,1
1029,2019/9/5,6811,1
1614,2019/9/23,8337,0
317,2019/9/15,13063,1
76,2019/9/28,7961,1
2699,2019/9/21,3553,1
1417,2019/9/17,2833,1
1275,2019/9/11,4197,1
1151,2019/9/8,4233,0
60,2019/9/24,10935,1
675,2019/9/30,5629,1
224,2019/9/9,8660,0
2211,2019/9/20,14235,0
2797,2019/9/27,12640,1
2535,2019/9/6,6304,0
1534,2019/9/14,2671,1
1073,2019/9/23,5139,0
2353,2019/9/26,6387,1
1805,2019/9/22,14555,1
2184,2019/9/22,1824,1
1811,2019/9/7,2452,1
591,2019/9/21,2337,1
2703,2019/9/15,5539,1
1442,2019/9/22,14531,1
962,2019/9/4,4189,1
1978,2019/9/13,11503,0
459,2019/9/30,2130,0
56,2019/9/1,4127,1
149,2019/9/14,5766,1
2886,2019/9/17,14078,0
2534,2019/9/19,6722,1
2142,2019/9/13,5813,0
321,2019/9/4,10688,1
2845,2019/9/4,8649,0
711,2019/9/2,5425,1
2742,2019/9/23,14431,0
1697,2019/9/28,13807,1
1499,2019/9/6,3200,0
2694,2019/9/29,13101,1
2176,2019/9/13,13910,0
2880,2019/9/11,12985,1
328,2019/9/26,14231,0
731,2019/9/15,14648,0
992,2019/9/14,5127,1
215,2019/9/26,10219,1
2923,2019/10/1,11418,0
2048,2019/9/15,12472,1
1347,2019/9/12,9596,0
1663,2019/9/10,11856,1
1912,2019/9/30,11181,0
102,2019/9/30,5408,1
1968,2019/9/20,3338,0
1499,2019/9/23,9873,1
2353,2019/9/3,4108,1
2825,2019/9/6,3539,0
678,2019/9/3,2240,0
891,2019/9/7,7882,0
1025,2019/10/1,5050,1
498,2019/9/17,1745,1
2307,2019/9/26,2924,1
2458,2019/9/5,5860,0
1142,2019/9/11,10205,1
1309,2019/9/24,7213,0
1338,2019/9/25,7169,1
2886,2019/9/7,7710,0
2074,2019/9/26,7630,1
89,2019/9/15,12714,0
202,2019/9/20,13020,0
183,2019/9/16,12117,0
1679,2019/9/30,14197,0
1929,2019/9/24,14505,1
2362,2019/9/14,2512,1
1655,2019/10/1,14946,1
2226,2019/9/29,8641,1
1410,2019/9/27,11538,1
423,2019/9/26,12521,0
143,2019/9/5,6818,1
425,2019/9/21,13344,1
1783,2019/9/20,12426,1
2442,2019/9/4,13253,1
2251,2019/9/4,11201,1
1778,2019/9/11,4141,1
285,2019/9/9,11870,1
1849,2019/9/23,2993,1
1624,2019/9/18,10303,1
1682,2019/9/9,14390,0
104,2019/9/27,3354,0
53,2019/9/7,11650,0
1030,2019/9/11,7119,1
539,2019/9/5,3022,0
2038,2019/9/3,5085,0
2954,2019/9/28,6494,0
2856,2019/9/19,8783,0
1840,2019/9/20,12275,1
213,2019/9/18,2624,0
2204,2019/9/10,2260,0
1319,2019/9/9,9278,1
2643,2019/9/22,7961,0
450,2019/9/4,6115,1
1173,2019/9/29,4587,0
422,2019/9/27,4898,1
527,2019/9/3,12136,1
2971,2019/9/2,6500,0
785,2019/9/24,11939,0
2572,2019/10/1,5025,1
2661,2019/9/18,4001,0
1556,2019/9/14,9783,1
1886,2019/9/29,14593,1
2553,2019/9/7,3766,1
2568,2019/9/24,5080,0
1214,2019/9/19,6103,0
2936,2019/10/1,9615,0
1418,2019/9/18,14967,0
1852,2019/9/24,11992,0
647,2019/9/2,10600,0
1291,2019/9/3,2361,1
328,2019/9/1,9312,0
1506,2019/9/18,10925,1
104,2019/9/9,1919,1
895,2019/9/1,3395,1
2834,2019/9/6,2655,1
1148,2019/9/20,7770,0
626,2019/9/3,2070,0
1953,2019/9/8,6031,1
339,2019/9/8,12315,1
2130,2019/9/3,14630,1
2709,2019/9/22,14100,1
1051,2019/9/14,9997,0
416,2019/9/4,2144,1
2671,2019/9/4,14760,1
1733,2019/9/2,4038,0
940,2019/9/15,14005,1
2855,2019/9/24,12187,0
484,2019/9/17,3966,0
2505,2019/9/26,5525,1
2220,2019/9/28,3361,1
1965,2019/9/23,6441,1
1392,2019/9/8,3323,0
748,2019/9/26,7855,0
928,2019/9/24,7308,0
835,2019/9/20,3824,0
698,2019/9/14,8493,0
768,2019/9/24,8174,0
2658,2019/9/7,8447,1
345,2019/9/20,2755,0
2619,2019/9/5,3844,0
335,2019/9/3,2262,0
1632,2019/9/8,10093,1
1636,2019/9/28,3726,0
2691,2019/9/30,1593,0
1568,2019/9/12,14207,1
2866,2019/9/2,14657,0
2766,2019/9/26,4187,1
516,2019/9/28,9415,0
779,2019/9/21,10762,0
1062,2019/9/5,4333,0
435,2019/9/1,10809,1
2004,2019/9/8,1984,0
2441,2019/9/10,2971,0
2176,2019/9/5,6718,0
1236,2019/9/24,1500,0
2033,2019/9/19,2208,1
1606,2019/9/30,11421,0
920,2019/9/27,2365,1
982,2019/9/19,9030,1
1609,2019/9/17,10996,0
2316,2019/9/5,13162,0
757,2019/9/20,3733,0
1899,2019/9/14,4235,0
1428,2019/9/7,11162,1
2155,2019/9/23,14279,1
991,2019/9/15,9455,1
2800,2019/9/7,8471,0
1428,2019/9/2,14513,0
2960,2019/9/16,10823,1
1713,2019/9/8,8978,0
434,2019/9/2,2720,0
137,2019/9/1,6783,0
1218,2019/9/3,3247,0
2521,2019/9/1,3303,1
2474,2019/9/3,4438,1
356,2019/9/10,5793,1
1889,2019/9/25,3180,0
1221,2019/9/23,9912,0
1265,2019/9/20,6644,0
1780,2019/9/17,5309,1
64,2019/9/6,2418,1
556,2019/9/22,7104,0
1834,2019/9/1,5069,1
2198,2019/9/9,13963,0
1320,2019/9/8,6122,0
328,2019/9/30,5802,0
247,2019/9/21,9440,0
892,2019/9/1,4942,0
1651,2019/9/27,7222,0
2729,2019/9/8,3848,1
2178,2019/9/28,8598,1
1071,2019/9/26,11635,0
2871,2019/9/15,3316,0
434,2019/9/10,5657,1
1329,2019/9/17,6582,0
340,2019/9/3,5257,0
155,2019/9/5,10946,1
2596,2019/9/12,12908,0
1809,2019/9/10,8019,1
945,2019/9/24,4041,1
273,2019/9/8,3003,1
2926,2019/9/4,13176,1
1929,2019/9/28,5202,1
2069,2019/9/17,4002,0
809,2019/9/17,2608,0
619,2019/9/16,5366,0
450,2019/9/6,1576,1
1961,2019/9/13,2725,1
643,2019/9/1,7273,0
1947,2019/9/3,9764,0
1209,2019/9/15,11306,1
2996,2019/9/25,12144,1
1530,2019/9/8,2875,0
53,2019/9/7,9320,0
2711,2019/9/24,11843,1
2855,2019/9/6,12228,0
1654,2019/9/26,3013,1
1867,2019/9/18,5507,1
1215,2019/9/7,5092,0
537,2019/9/27,13807,1
2991,2019/9/9,10318,0
2333,2019/9/21,14543,0
2503,2019/9/18,13188,1
1565,2019/9/20,6223,0
195,2019/9/4,6936,0
547,2019/9/16,11580,0
1858,2019/9/7,3280,1
1701,2019/9/7,2731,1
2928,2019/9/24,3134,0
689,2019/9/29,11719,0
1955,2019/9/5,2522,1
52,2019/9/28,1630,0
658,2019/9/16,11666,1
1476,2019/9/20,8893,1
2369,2019/9/24,7569,1
136,2019/9/25,8101,0
2965,2019/9/29,3671,1
1767,2019/9/21,9481,1
270,2019/9/6,10973,0
2242,2019/9/20,13929,0
1509,2019/9/19,9651,1
660,2019/9/1,9311,1
674,2019/9/5,8327,0
881,2019/9/3,10571,1
1231,2019/9/27,6505,0
466,2019/9/24,5183,0
2448,2019/9/16,6372,0
2004,2019/9/22,13106,1
621,2019/9/26,5328,1
2216,2019/9/16,12366,0
2175,2019/9/12,2110,1
782,2019/9/5,11490,1
1506,2019/9/22,8212,1
180,2019/9/12,7509,1
368,2019/9/21,14235,1
1492,2019/9/18,9999,0
1701,2019/9/24,3555,0
2209,2019/9/25,8867,1
1368,2019/9/26,14037,1
1439,2019/9/21,1744,0
1979,2019/9/22,10371,1
913,2019/9/23,11006,1
1544,2019/9/7,3827,0
556,2019/9/1,13431,0
1283,2019/9/27,3801,1
1608,2019/9/27,7144,0
1247,2019/9/18,11584,1
2605,2019/9/19,6384,1
1402,2019/9/11,7667,1
2369,2019/9/12,5860,0
800,2019/9/29,11184,1
1321,2019/9/8,8998,0
1741,2019/9/8,10990,1
69,2019/9/28,11319,0
1357,2019/9/22,4836,0
367,2019/9/4,14473,1
2782,2019/9/20,3596,0
138,2019/9/9,13361,0
1734,2019/9/4,9968,1
899,2019/9/20,12757,0
2354,2019/9/27,5301,0
1391,2019/10/1,2590,0
154,2019/10/1,3694,0
2190,2019/9/12,1893,0
1782,2019/9/9,14533,1
116,2019/9/6,8751,0
2944,2019/9/19,1595,1
1791,2019/9/26,8229,0
2739,2019/9/12,7019,1
313,2019/10/1,6782,0
1928,2019/9/14,11301,1
2197,2019/9/29,1921,0
106,2019/10/1,13771,0
293,2019/9/30,14557,0
1389,2019/9/25,2815,0
641,2019/9/5,4789,0
2988,2019/9/29,7505,1
1349,2019/9/13,2989,0
944,2019/9/14,13033,1
422,2019/9/25,5985,1
2784,2019/9/20,3770,1
1728,2019/9/2,11566,0
2777,2019/9/14,12263,1
2934,2019/9/2,9494,1
93,2019/9/23,6426,0
1512,2019/9/18,5096,0
2782,2019/9/14,6141,0
2341,2019/9/8,12275,0
2373,2019/9/5,10825,0
704,2019/9/28,11789,0
2413,2019/9/22,14884,0
2031,2019/9/25,8147,0
1159,2019/10/1,1792,1
975,2019/9/24,12601,0
1876,2019/9/22,14699,1
1434,2019/10/1,1999,0
1165,2019/9/5,6857,1
2325,2019/9/11,10213,1
970,2019/9/19,9351,0
1880,2019/9/27,2605,0
2256,2019/10/1,1633,1
995,2019/9/5,11473,1
850,2019/9/2,11201,0
1850,2019/9/3,5948,0
431,2019/9/25,9032,1
1364,2019/9/28,5321,1
2920,2019/9/15,1582,0
2002,2019/9/15,9923,0
1269,2019/9/28,2191,0
1309,2019/9/18,9560,0
1695,2019/9/18,11889,1
279,2019/9/13,8338,0
2331,2019/9/30,2593,0
368,2019/9/25,4567,0
2619,2019/9/15,6151,1
1998,2019/9/5,12266,0
643,2019/9/6,13246,1
503,2019/9/14,9457,0
1175,2019/9/4,7460,1
2060,2019/9/9,14972,0
1185,2019/9/26,3205,1
1710,2019/9/14,14217,0
1473,2019/9/20,5029,1
2715,2019/9/19,13881,0
1605,2019/10/1,6114,1
785,2019/9/21,6242,1
839,2019/9/2,7280,1
1480,2019/9/23,11230,0
2854,2019/9/15,2627,1
2240,2019/9/26,13966,1
2448,2019/9/28,9410,0
998,2019/9/9,4035,1
385,2019/9/26,5824,0
1691,2019/9/20,10628,1
297,2019/9/1,11674,1
2865,2019/9/21,1792,0
581,2019/9/27,10221,0
2868,2019/9/4,10135,0
1763,2019/9/19,14259,0
2558,2019/9/3,8796,0
535,2019/9/19,1927,1
852,2019/10/1,7012,0
1166,2019/9/10,3856,1
2210,2019/9/2,9075,1
1927,2019/9/12,5450,1
147,2019/9/23,6133,0
1137,2019/9/5,6209,0
1797,2019/9/2,14993,1
2971,2019/9/6,3726,1
130,2019/9/29,10833,0
2600,2019/9/12,7577,0
332,2019/9/17,9754,0
2665,2019/9/23,6368,0
1875,2019/9/30,9590,0
2703,2019/9/10,2706,1
2405,2019/9/12,5648,0
1176,2019/9/6,11416,0
1157,2019/9/4,6555,0
2894,2019/10/1,7446,0
2407,2019/9/12,8382,0
534,2019/9/28,8411,0
1771,2019/9/24,5069,0
2545,2019/9/6,14499,0
1375,2019/10/1,11191,1
232,2019/9/16,14573,0
160,2019/9/19,12338,0
1858,2019/9/17,1640,1
1853,2019/9/12,14823,1
814,2019/10/1,1975,0
2906,2019/9/21,14285,0
864,2019/9/11,1841,0
2427,2019/9/27,5025,0
2500,2019/9/25,2358,0
1120,2019/9/21,2086,0
488,2019/9/2,3111,0
1290,2019/9/18,7143,0
2019,2019/9/7,5509,1
1437,2019/10/1,11465,1
2752,2019/9/30,3679,0
1059,2019/9/22,2369,0
126,2019/9/9,7771,0
1988,2019/9/3,13016,0
1991,2019/9/22,11977,1
1496,2019/9/25,6173,0
2328,2019/9/7,13467,1
308,2019/10/1,10098,1
363,2019/9/6,12621,1
232,2019/9/15,14486,1
341,2019/9/1,14429,0
1291,2019/9/12,10314,1
1836,2019/9/30,4965,0
1165,2019/9/6,8886,0
2427,2019/9/3,6099,0
1625,2019/9/22,12772,0
80,2019/9/27,8834,1
1173,2019/9/27,1604,0
251,2019/9/25,9997,0
1099,2019/9/17,3288,1
2593,2019/9/27,14394,0
2158,2019/9/8,5562,1
740,2019/9/23,10237,0
683,2019/9/30,3244,0
544,2019/9/23,12926,0
2618,2019/9/18,3829,1
2775,2019/9/2,12669,0
1043,2019/9/8,11147,1
916,2019/9/26,12074,1