id,gender,frequency,monetary,cherry,recency,decile_rank,online_store
15,female,31,305665,13,1,10,0
35,male,30,262181,13,1,10,0
31,female,31,254804,19,3,10,0
33,male,29,251352,14,2,10,0
22,male,24,214150,9,4,10,0
20,male,21,199197,11,2,10,1
18,male,24,196686,13,3,10,1
49,male,24,196143,12,4,10,1
9,male,24,195788,14,1,10,0
12,male,25,194860,15,1,10,0
42,female,21,193582,5,1,10,1
30,female,26,190687,17,2,10,1
36,female,20,189937,13,6,10,1
14,male,21,188600,14,1,10,1
26,female,22,184657,10,2,10,1
32,female,20,184276,12,1,10,1
17,female,19,181947,13,1,10,1
44,female,23,181397,12,1,10,1
34,female,20,179533,8,2,10,1
37,female,21,179169,11,2,10,0
5,female,20,177156,11,3,10,0
41,female,21,174389,11,1,10,1
28,female,21,174128,13,2,10,1
1,female,21,173314,8,1,10,0
25,female,19,172938,13,1,10,1
48,female,19,169424,5,2,10,0
8,male,20,168635,12,3,10,1
24,female,21,165124,13,1,10,1
38,female,24,161600,13,1,10,0
40,male,21,158420,11,1,10,0
2,female,20,157976,13,2,10,1
29,female,19,156206,9,1,10,1
4,female,19,154416,10,4,10,1
6,male,19,151853,11,3,10,0
43,male,21,151272,8,1,10,1
13,female,19,149937,13,1,10,0
21,female,20,145181,11,2,10,0
3,male,21,134673,5,1,10,1
45,female,16,130143,7,1,10,0
39,female,14,128474,6,1,10,0
16,female,15,126149,11,3,10,1
23,female,16,124649,10,1,10,1
10,male,16,115171,5,1,10,0
27,female,14,111910,6,7,10,0
11,male,14,107615,3,1,10,1
47,male,14,106081,7,1,10,0
7,male,17,98428,10,1,10,1
46,male,13,79841,9,2,10,1
19,female,10,71364,8,1,10,1
2484,male,4,45497,3,1,10,0
2886,male,4,45421,1,4,10,1
1663,male,4,43353,2,22,10,1
2501,female,3,43082,2,11,10,1
1797,female,3,42230,2,16,10,0
1947,female,4,41353,2,1,10,1
922,male,3,36437,1,23,10,0
1758,female,3,35523,0,9,10,1
1509,female,3,34831,3,9,10,0
1165,male,4,34732,2,9,10,1
303,female,3,34514,1,6,10,1
643,female,3,34362,1,26,10,0
2487,female,5,34253,4,11,10,1
704,male,3,33855,1,4,10,1
1221,female,3,33698,2,9,10,0
1881,female,5,33688,4,1,10,0
1782,male,4,33635,3,16,10,0
1428,female,3,33620,2,21,10,1
2872,male,3,33548,2,2,10,1
1984,female,3,32761,2,10,10,0
2219,male,4,32519,3,18,10,0
425,male,3,31930,2,4,10,1
2906,female,3,31741,1,11,10,1
1247,male,4,31719,1,14,10,1
2307,female,3,31485,1,6,10,0
281,female,3,31435,3,6,10,1
1115,male,3,31421,1,15,10,1
53,female,3,31414,1,5,10,1
297,male,3,30288,1,8,10,0
1697,male,3,30261,3,2,10,1
148,female,3,30046,2,10,10,0
783,female,3,29800,2,14,10,0
317,male,5,29795,4,2,10,1
1696,male,3,29738,0,7,10,1
2074,male,3,29595,2,6,10,1
1771,female,3,29494,1,8,10,0
328,female,3,29345,0,2,10,0
2238,male,2,29102,0,5,10,1
232,female,2,29059,1,16,10,1
2333,male,3,28959,2,10,10,1
466,male,3,28950,1,8,10,1
2480,male,3,28729,2,7,10,1
2436,male,3,28594,2,2,10,1
2130,female,2,28559,1,7,10,0
1416,male,2,28487,0,11,10,1
925,male,2,28392,1,14,10,0
1373,female,3,28123,3,6,10,1
1481,female,2,28115,1,24,10,1
1752,female,2,28077,1,15,10,1
2572,male,3,27933,2,1,10,1
200,female,2,27806,2,25,10,0
1657,male,2,27707,2,26,10,0
247,male,4,27693,1,10,10,0
1643,female,2,27678,1,7,10,0
2797,female,2,27623,2,5,10,1
2064,female,2,27509,1,17,10,1
519,female,2,27403,0,1,10,1
1702,female,2,27298,1,19,10,1
2369,male,4,27133,2,2,10,1
456,female,2,27074,0,26,10,0
1855,female,2,27048,1,1,10,0
2313,male,3,26945,1,3,10,1
2738,male,2,26869,1,14,10,1
940,male,2,26793,1,17,10,1
1773,male,2,26706,1,29,10,0
1679,male,3,26588,1,2,10,1
1608,female,3,26426,1,5,10,0
527,female,2,26354,1,7,10,1
1465,male,5,26153,1,7,10,0
436,male,3,26152,1,17,10,1
1757,female,2,26015,0,19,10,1
1460,male,2,25955,1,17,10,0
2354,female,3,25830,1,5,10,1
581,male,3,25580,1,5,10,1
2240,male,2,25475,1,6,10,0
2089,male,2,25417,2,5,10,0
2565,male,2,25363,1,8,10,1
2425,female,2,25281,1,1,10,0
916,female,2,25160,2,3,10,0
1375,male,2,25124,1,1,10,1
1852,male,2,25083,0,8,10,0
1809,male,3,25058,2,19,10,0
2978,male,2,25012,2,24,10,0
1309,female,3,24848,0,8,10,1
324,female,2,24834,1,20,10,1
472,male,2,24784,1,20,10,0
285,female,2,24690,2,21,10,0
1008,female,3,24682,1,4,10,1
870,female,2,24663,2,4,10,0
2061,female,2,24640,2,10,10,0
782,female,2,24629,1,10,10,0
981,female,2,24479,2,6,10,1
893,male,2,24420,1,7,10,0
2855,male,2,24415,0,8,10,0
1578,female,3,24366,2,1,10,0
2968,female,3,24236,1,3,10,1
341,male,2,24123,0,2,10,0
2668,female,2,24077,1,22,10,0
1710,female,2,23980,0,18,10,1
2830,female,2,23957,1,5,10,1
80,male,2,23816,2,3,9,1
215,male,3,23737,3,6,9,0
591,female,3,23698,1,11,9,1
822,male,2,23696,1,9,9,0
863,male,2,23663,0,2,9,1
2290,male,2,23641,1,7,9,0
1875,male,2,23556,1,2,9,1
1021,female,2,23495,0,26,9,1
2805,male,2,23452,2,1,9,1
1176,female,3,23361,1,5,9,1
2537,female,2,23338,2,9,9,1
2856,female,2,23309,0,3,9,1
2008,male,3,23265,2,9,9,1
310,female,2,23176,0,10,9,0
2996,male,2,23113,2,2,9,0
1607,female,2,23086,2,29,9,1
321,female,2,23046,2,1,9,1
1978,female,2,23040,0,19,9,1
2119,male,3,23039,2,5,9,1
2960,female,2,23036,2,4,9,1
71,female,2,22990,1,13,9,1
253,male,2,22929,2,23,9,0
1614,male,2,22612,1,9,9,0
2325,male,2,22608,2,16,9,1
2545,female,2,22570,0,24,9,0
1856,female,2,22529,1,1,9,1
2845,male,2,22440,0,25,9,1
423,male,2,22388,0,6,9,0
2691,male,3,22380,1,2,9,1
2528,male,2,22357,1,26,9,0
416,male,3,22163,2,1,9,0
368,female,3,22126,2,7,9,1
2699,female,3,22105,1,2,9,0
841,male,2,22098,1,10,9,0
362,male,2,22067,1,4,9,1
474,female,2,21977,1,1,9,1
2413,male,2,21832,0,4,9,0
2988,female,2,21622,1,3,9,1
1858,female,4,21572,3,4,9,1
2947,female,2,21519,0,17,9,0
1645,male,2,21506,1,5,9,1
367,female,2,21401,1,28,9,0
886,male,2,21373,1,7,9,0
1898,female,3,21339,2,5,9,1
2864,female,3,21320,2,1,9,1
2236,male,4,21296,0,16,9,0
749,male,2,21292,1,19,9,1
2496,female,2,21234,1,10,9,1
956,male,2,21217,1,11,9,0
138,male,2,21212,0,7,9,0
1474,male,3,21165,2,7,9,0
1222,male,3,21096,1,4,9,1
1338,female,2,21096,1,5,9,0
2186,male,2,21093,1,19,9,1
2433,female,2,20934,1,6,9,1
1066,male,2,20932,2,21,9,0
1051,female,2,20928,1,3,9,1
2671,female,2,20900,1,23,9,1
1742,male,3,20858,1,4,9,1
323,female,2,20850,2,5,9,0
927,female,2,20813,1,14,9,1
944,female,2,20782,1,18,9,1
1009,female,2,20761,0,19,9,0
2473,female,2,20742,0,5,9,0
2796,male,2,20717,0,21,9,1
1601,male,2,20654,1,8,9,1
250,male,3,20632,1,1,9,0
2176,male,2,20628,0,19,9,1
2273,male,2,20615,2,5,9,0
1678,female,2,20576,1,2,9,0
2280,male,2,20561,0,4,9,0
733,male,2,20548,1,7,9,1
556,male,2,20535,0,10,9,0
2447,female,2,20419,2,9,9,0
756,female,2,20378,2,15,9,0
116,female,2,20360,1,8,9,0
454,female,2,20341,2,3,9,1
2155,female,2,20223,2,9,9,0
447,male,2,20213,1,19,9,0
1683,female,2,20206,0,3,9,1
2703,male,3,20202,3,12,9,0
1704,male,2,20135,0,21,9,0
2167,male,2,20134,2,16,9,1
895,male,3,20105,2,7,9,1
184,female,2,20097,1,2,9,1
89,female,3,19966,1,8,9,1
1398,female,2,19905,1,6,9,0
1278,female,2,19848,1,13,9,1
1471,female,2,19839,1,21,9,0
545,male,2,19836,2,28,9,1
1676,male,2,19797,2,8,9,0
1366,female,2,19768,1,14,9,1
712,female,2,19711,0,15,9,1
1929,female,2,19707,2,4,9,0
2992,female,2,19660,1,12,9,1
93,female,2,19609,0,9,9,0
1597,female,2,19598,1,2,9,1
2722,female,2,19573,1,24,9,0
2720,female,2,19565,0,4,9,0
419,male,2,19492,0,7,9,1
198,male,2,19443,0,13,9,0
881,male,2,19404,2,1,9,1
2530,female,2,19376,0,16,9,0
1358,female,2,19356,1,15,9,0
1265,female,2,19340,1,10,9,0
356,male,2,19333,1,10,9,1
1365,male,4,19225,3,10,9,1
1845,male,2,19139,1,30,9,0
1157,female,2,19138,0,28,9,1
1506,male,2,19137,2,10,9,1
1128,female,3,19120,2,4,9,0
1958,male,2,19036,1,8,9,0
1043,female,2,19034,1,5,9,0
2299,female,2,19032,0,6,9,0
2210,male,2,19028,1,23,9,0
431,female,2,18962,1,7,9,1
915,female,2,18889,1,16,9,0
2544,male,2,18838,1,13,9,0
2038,female,2,18810,0,27,9,0
2835,female,2,18803,0,25,9,1
2296,female,2,18629,1,14,9,1
183,female,2,18628,1,16,9,1
2870,male,2,18517,2,8,9,1
2505,male,2,18323,2,6,9,1
2831,male,2,18256,0,9,9,0
909,male,2,18254,0,4,9,0
785,male,2,18181,1,8,9,0
2709,female,2,18169,1,10,9,1
1319,male,2,18116,1,20,9,0
319,male,2,18105,0,3,9,0
473,male,2,17956,2,1,9,1
385,female,2,17941,1,6,9,0
157,male,2,17931,1,7,9,0
2255,female,3,17902,3,25,9,1
118,male,2,17831,0,2,9,1
1183,female,2,17793,2,14,9,0
1695,female,2,17754,2,14,9,0
494,female,2,17665,1,6,9,0
2692,female,2,17555,1,19,9,1
1962,female,2,17541,2,22,9,0
2579,female,2,17502,2,1,9,0
665,female,2,17467,2,2,9,0
1116,female,3,17401,2,20,9,0
1873,male,2,17377,1,24,9,1
2600,male,2,17373,1,18,9,0
2766,male,2,17370,2,6,9,1
2244,male,2,17270,2,22,9,0
1442,female,2,17241,2,10,9,0
1457,male,2,17236,1,9,9,0
2405,female,2,17184,1,20,8,1
1019,male,2,17175,1,1,8,1
1283,female,2,17155,1,5,8,0
528,male,2,17141,0,19,8,0
1691,male,2,17084,1,12,8,0
748,male,2,16923,1,6,8,1
2521,female,2,16902,2,15,8,1
2918,male,2,16853,1,11,8,1
2926,male,2,16822,2,6,8,0
579,female,2,16815,0,23,8,1
1989,female,2,16791,1,16,8,0
2430,male,2,16748,0,28,8,1
2057,female,2,16726,2,24,8,1
448,male,2,16714,1,12,8,0
2366,male,2,16690,0,24,8,1
1290,male,3,16635,0,14,8,0
1867,male,2,16609,1,14,8,0
1623,male,2,16536,1,11,8,0
675,female,2,16480,1,2,8,0
136,male,2,16293,1,7,8,0
538,female,2,16270,2,8,8,0
104,male,3,16264,1,5,8,1
534,female,2,16234,0,4,8,1
2934,female,2,16150,2,30,8,0
2033,male,3,16112,1,10,8,0
945,male,2,16089,1,2,8,0
1840,female,2,16069,1,12,8,0
443,female,2,15965,1,20,8,1
2028,male,2,15961,1,5,8,0
2637,female,2,15903,1,2,8,0
279,female,2,15870,0,9,8,1
2007,female,2,15822,0,1,8,1
2051,male,2,15793,0,2,8,0
2448,male,2,15782,0,4,8,1
2341,female,2,15754,1,22,8,0
825,female,2,15698,1,13,8,1
553,male,2,15665,2,14,8,1
2124,female,2,15661,0,4,8,1
2604,female,2,15637,0,7,8,1
2065,male,2,15626,2,17,8,0
1149,female,2,15616,1,3,8,0
1534,male,2,15604,2,11,8,1
682,male,2,15544,1,5,8,1
259,male,2,15520,0,14,8,0
644,female,2,15491,1,2,8,1
740,female,2,15485,0,9,8,0
1311,female,2,15481,2,19,8,0
1267,female,2,15465,2,15,8,0
2458,male,2,15443,1,1,8,1
899,female,2,15415,1,12,8,1
2423,female,2,15384,1,25,8,0
2782,male,3,15315,1,12,8,1
1096,female,2,15257,2,13,8,0
363,female,2,15241,1,10,8,0
2004,female,2,15090,1,10,8,1
660,male,2,15015,1,25,8,0
1699,female,2,14999,1,7,8,1
2060,male,1,14972,0,23,8,0
1418,female,1,14967,0,14,8,0
1655,female,1,14946,1,1,8,1
1448,male,2,14943,0,18,8,1
191,female,1,14902,0,16,8,0
1706,male,1,14889,0,1,8,1
410,male,1,14886,0,30,8,0
2958,male,2,14872,1,3,8,1
853,male,1,14870,1,14,8,1
1719,female,1,14869,0,10,8,1
1853,female,1,14823,1,20,8,1
298,male,1,14813,1,21,8,0
861,female,1,14807,1,2,8,1
95,female,1,14794,1,4,8,1
1209,male,2,14784,2,17,8,0
2053,female,1,14769,0,12,8,1
2925,female,1,14763,1,10,8,1
810,female,1,14752,1,28,8,1
978,female,1,14748,1,14,8,0
280,male,1,14745,0,3,8,1
2769,male,2,14723,1,4,8,1
1999,female,1,14704,1,12,8,1
1223,female,1,14702,0,17,8,1
1876,female,1,14699,1,10,8,0
1056,male,1,14662,0,8,8,1
604,male,1,14660,0,26,8,0
2866,male,1,14657,0,30,8,0
557,male,1,14656,0,20,8,1
731,male,1,14648,0,17,8,0
2289,male,1,14644,1,13,8,1
1886,female,1,14593,1,3,8,1
2912,female,1,14585,0,15,8,0
2624,male,1,14583,0,28,8,1
2515,female,1,14580,0,18,8,0
1127,male,1,14577,1,3,8,1
293,male,1,14557,0,2,8,1
1377,male,1,14556,1,25,8,0
1805,female,1,14555,1,10,8,1
1801,female,3,14554,3,8,8,0
185,male,1,14531,0,7,8,0
2827,female,1,14479,1,13,8,1
2932,male,1,14453,1,29,8,1
2742,female,1,14431,0,9,8,0
1560,male,1,14427,0,4,8,1
2508,female,1,14419,0,24,8,0
2654,male,2,14416,1,9,8,0
2153,male,1,14394,1,21,8,1
2593,female,1,14394,0,5,8,1
1432,female,2,14390,1,13,8,0
1682,male,1,14390,0,23,8,1
339,female,2,14386,2,11,8,0
426,female,1,14386,0,3,8,1
575,male,1,14381,1,6,8,1
384,female,1,14362,0,20,8,1
918,male,1,14356,1,24,8,1
2788,female,1,14355,0,15,8,0
539,female,2,14350,1,16,8,0
897,female,2,14349,2,11,8,0
2865,male,3,14339,2,11,8,1
1944,female,2,14338,1,10,8,1
2985,female,1,14335,1,26,8,1
2989,female,2,14335,2,14,8,0
507,male,1,14330,0,9,8,1
794,male,1,14325,1,24,8,1
738,male,1,14324,1,27,8,0
1302,female,1,14321,0,3,8,1
2630,male,1,14310,0,29,8,1
377,male,1,14288,1,26,8,1
1211,male,1,14271,0,27,8,1
2329,male,2,14270,0,4,8,0
949,male,1,14263,1,9,8,1
1763,female,1,14259,0,13,8,1
1286,male,1,14258,1,6,8,0
629,female,1,14253,1,8,8,0
2351,female,1,14247,0,5,8,1
2211,male,1,14235,0,12,8,1
2303,female,1,14229,0,21,8,0
2216,female,2,14225,1,3,8,1
1360,male,1,14213,0,23,8,0
1568,male,1,14207,1,20,8,0
1244,male,1,14177,1,25,8,1
1123,male,1,14176,1,20,8,1
2079,male,2,14162,2,13,8,1
480,male,1,14150,0,2,8,1
467,male,1,14148,0,14,8,0
1272,female,1,14145,1,20,8,0
2017,female,2,14140,1,3,8,1
2628,male,1,14139,0,11,8,1
2635,male,2,14093,1,21,8,0
2676,female,1,14090,0,27,8,1
967,male,1,14045,1,22,7,1
2263,male,1,14045,1,7,7,0
1368,male,1,14037,1,6,7,0
288,male,1,14018,1,7,7,1
2741,male,1,13994,1,17,7,1
820,male,1,13989,0,9,7,1
2900,female,1,13975,0,4,7,1
87,male,1,13966,0,22,7,1
1887,male,1,13963,0,27,7,1
2198,female,1,13963,0,23,7,1
2275,female,1,13961,0,12,7,1
2645,male,1,13959,1,15,7,1
2242,female,1,13929,0,12,7,0
1879,female,1,13911,0,29,7,1
2251,male,2,13899,2,28,7,0
1580,female,1,13886,1,7,7,1
2715,male,1,13881,0,13,7,1
189,male,1,13873,0,20,7,0
2179,male,1,13862,1,18,7,0
913,female,2,13861,2,9,7,0
264,male,1,13855,1,3,7,0
758,male,1,13824,0,18,7,1
159,female,1,13820,0,30,7,0
537,male,1,13807,1,5,7,0
106,male,1,13771,0,1,7,0
1208,female,2,13747,1,8,7,1
1716,male,1,13732,0,19,7,0
2394,male,1,13678,1,10,7,1
2608,female,2,13675,2,20,7,1
1217,male,2,13673,2,18,7,1
334,male,2,13671,2,4,7,0
1982,male,1,13663,0,31,7,0
1477,female,1,13653,0,7,7,0
1987,male,1,13640,1,19,7,1
1214,male,2,13639,0,13,7,1
325,female,1,13629,0,23,7,0
2847,male,1,13616,0,6,7,0
2860,male,2,13576,2,19,7,0
2267,male,1,13556,1,25,7,0
1420,female,1,13553,0,4,7,1
2035,male,1,13548,1,11,7,0
1727,female,1,13545,1,20,7,1
1940,female,2,13529,1,16,7,1
2983,female,1,13527,0,7,7,0
903,male,1,13469,1,6,7,0
2328,female,1,13467,1,25,7,1
2414,female,1,13445,0,25,7,1
1705,male,1,13438,0,22,7,1
449,male,1,13437,1,21,7,0
624,male,1,13430,0,24,7,1
939,male,1,13421,1,11,7,1
1741,female,2,13414,2,1,7,1
2857,female,1,13409,0,27,7,0
2066,male,1,13394,0,3,7,1
2915,female,1,13377,0,30,7,0
182,female,1,13375,1,24,7,0
383,female,1,13359,0,21,7,1
875,male,2,13340,2,11,7,0
2910,male,1,13339,0,31,7,1
1700,male,2,13327,1,11,7,0
1077,female,2,13316,0,17,7,1
1080,male,1,13311,0,20,7,0
2571,female,1,13305,1,28,7,0
2302,male,1,13301,1,31,7,1
1141,female,1,13275,0,26,7,1
194,male,1,13266,1,11,7,0
2442,female,1,13253,1,28,7,0
1618,female,1,13237,0,18,7,0
1461,male,1,13228,0,3,7,1
884,female,1,13221,0,18,7,1
2503,female,1,13188,1,14,7,1
1404,female,1,13181,0,28,7,1
1029,female,2,13168,2,16,7,0
2316,male,1,13162,0,27,7,0
1910,male,1,13128,1,8,7,0
1275,male,2,13122,1,3,7,1
1263,female,2,13105,1,9,7,0
1713,female,2,13104,0,17,7,1
2694,female,1,13101,1,3,7,0
2283,female,1,13096,1,9,7,1
2930,male,1,13080,0,28,7,1
2923,female,2,13079,0,1,7,1
1499,female,2,13073,1,9,7,0
2304,male,1,13072,1,27,7,1
1686,female,1,13025,0,26,7,0
202,male,1,13020,0,12,7,0
1988,male,1,13016,0,29,7,0
1344,male,1,12997,0,18,7,0
2880,male,1,12985,1,21,7,1
1814,female,1,12981,1,9,7,1
2136,female,1,12965,1,27,7,0
524,male,1,12954,0,3,7,0
2740,male,1,12945,1,24,7,0
544,male,1,12926,0,9,7,0
2596,female,1,12908,0,20,7,0
2759,female,1,12908,1,12,7,0
2368,female,1,12902,1,17,7,1
2843,female,1,12886,0,24,7,1
1226,male,3,12885,2,4,7,1
2003,male,2,12874,2,27,7,1
2994,male,2,12855,1,4,7,1
513,female,1,12854,1,29,7,1
2614,female,2,12853,1,5,7,0
993,female,2,12841,1,18,7,1
2055,male,1,12841,0,3,7,1
2999,female,1,12822,0,28,7,1
487,female,1,12811,1,21,7,0
1144,male,1,12808,1,20,7,0
464,male,1,12803,0,11,7,1
2698,male,1,12801,1,30,7,1
316,female,1,12800,0,23,7,0
746,male,1,12773,1,19,7,1
1633,female,1,12773,1,13,7,1
1625,male,1,12772,0,10,7,1
2286,female,1,12766,0,4,7,0
1497,male,1,12764,1,15,7,1
2373,male,2,12717,1,27,7,1
90,male,1,12696,1,26,7,0
1085,female,1,12696,1,29,7,0
1542,female,1,12691,0,12,7,0
1842,female,2,12690,1,2,7,0
430,male,2,12677,1,12,7,0
208,male,1,12675,1,4,7,1
1291,male,2,12675,2,20,7,1
2097,male,1,12672,1,28,7,1
2775,male,1,12669,0,30,7,1
1417,female,2,12655,1,15,7,0
1915,female,1,12651,0,1,7,0
1212,female,1,12623,0,27,7,1
975,female,1,12601,0,8,7,1
868,female,2,12572,2,6,7,0
882,female,1,12563,0,20,7,1
1584,male,2,12561,2,10,7,1
2852,male,1,12517,1,25,7,0
2476,male,2,12512,0,9,7,1
273,male,2,12488,2,24,7,1
2208,male,1,12478,1,20,7,0
698,male,2,12474,1,16,7,0
2247,male,1,12473,0,15,7,1
2048,female,1,12472,1,17,7,1
1802,male,1,12468,0,22,7,1
2733,male,2,12459,1,7,7,1
304,female,2,12455,1,21,7,0
562,male,1,12451,1,21,7,0
1277,female,1,12441,1,26,7,0
420,male,1,12438,0,29,7,0
688,male,2,12437,1,6,7,1
2874,male,2,12432,1,5,7,0
1537,female,3,12431,1,14,7,1
1783,female,1,12426,1,12,7,1
982,male,2,12387,1,10,6,1
320,male,1,12341,0,21,6,0
160,female,1,12338,0,13,6,1
2639,male,1,12325,1,23,6,0
1254,female,1,12314,0,27,6,0
1462,female,1,12311,0,9,6,1
1730,male,1,12286,1,12,6,1
1998,female,1,12266,0,27,6,0
2777,male,1,12263,1,18,6,0
2680,male,2,12241,1,10,6,0
1459,male,1,12237,0,31,6,0
662,female,2,12228,0,14,6,0
2629,female,1,12196,0,18,6,0
119,male,1,12191,1,20,6,0
751,female,1,12184,1,27,6,0
763,female,1,12162,1,28,6,1
987,male,1,12117,1,11,6,1
2979,female,1,12110,1,9,6,1
2042,female,2,12106,2,5,6,1
1577,male,1,12099,1,11,6,1
120,female,2,12092,2,15,6,0
1554,male,1,12066,0,4,6,0
1709,female,1,12066,1,11,6,1
663,male,1,12020,0,9,6,1
1991,female,1,11977,1,10,6,0
1279,male,1,11926,0,30,6,1
1924,female,2,11894,0,6,6,0
373,male,2,11893,1,18,6,0
2059,female,2,11893,0,23,6,0
2711,male,1,11843,1,8,6,0
1067,male,1,11834,1,7,6,1
2041,male,2,11829,2,3,6,0
1401,female,1,11827,0,11,6,0
2823,male,1,11819,0,10,6,0
1345,male,1,11815,1,4,6,1
354,male,1,11814,0,2,6,1
1572,female,1,11799,0,31,6,1
576,male,2,11780,1,15,6,1
2568,male,2,11777,1,8,6,1
67,male,1,11760,1,14,6,0
1733,male,3,11748,1,4,6,0
673,male,1,11741,1,10,6,1
689,female,1,11719,0,3,6,1
1654,female,2,11710,1,6,6,1
2011,female,1,11710,0,16,6,0
1046,male,1,11667,0,14,6,0
658,male,1,11666,1,16,6,0
669,female,1,11663,1,14,6,0
2397,male,1,11650,0,28,6,0
1071,male,1,11635,0,6,6,0
1545,male,1,11616,0,14,6,0
1866,male,1,11616,1,8,6,0
996,female,1,11613,1,18,6,0
2396,male,1,11582,1,17,6,0
547,male,1,11580,0,16,6,1
408,female,2,11570,0,13,6,0
1728,female,1,11566,0,30,6,0
702,male,1,11561,0,7,6,0
1410,male,1,11538,1,5,6,0
326,male,1,11527,0,9,6,1
672,female,1,11527,0,23,6,1
743,male,1,11524,1,13,6,1
1111,female,1,11502,1,14,6,1
1571,female,1,11496,0,18,6,1
995,male,1,11473,1,27,6,0
1437,male,1,11465,1,1,6,0
196,female,2,11457,2,3,6,1
2024,female,1,11433,0,7,6,1
1606,male,1,11421,0,2,6,1
2834,female,2,11412,1,16,6,0
1057,male,1,11375,1,20,6,0
821,male,1,11369,0,25,6,0
997,male,1,11367,1,2,6,0
2122,male,2,11355,2,10,6,1
2395,male,1,11352,0,18,6,0
294,female,1,11322,0,1,6,1
69,male,1,11319,0,4,6,0
302,female,1,11318,0,23,6,0
1928,female,1,11301,1,18,6,0
2034,female,1,11281,0,4,6,0
2893,female,1,11279,1,15,6,0
1049,female,1,11252,1,1,6,1
1869,male,1,11249,0,13,6,0
1329,male,2,11245,0,6,6,1
1089,male,1,11237,0,30,6,1
1480,female,1,11230,0,9,6,1
190,female,1,11224,0,22,6,0
645,female,1,11224,0,1,6,0
2046,male,1,11219,1,17,6,1
850,male,1,11201,0,30,6,0
800,male,1,11184,1,3,6,0
1912,male,1,11181,0,2,6,0
1152,male,1,11163,0,18,6,1
2455,female,1,11136,0,9,6,1
1325,male,1,11133,1,5,6,0
2427,male,2,11124,0,5,6,1
2896,female,1,11117,0,29,6,0
649,female,1,11091,0,12,6,1
442,female,1,11085,0,25,6,1
1564,female,1,11081,1,6,6,1
532,male,1,11064,0,5,6,0
2507,female,2,11055,1,16,6,0
1925,female,1,11022,0,29,6,1
2443,female,2,11019,2,15,6,1
235,female,1,11002,0,23,6,0
1609,female,1,10996,0,15,6,0
1932,female,1,10986,1,30,6,1
270,female,1,10973,0,26,6,1
2812,female,1,10954,1,17,6,1
155,female,1,10946,1,27,6,0
60,female,1,10935,1,8,6,1
2043,male,1,10925,0,31,6,0
2470,female,1,10919,1,18,6,0
1740,female,1,10918,0,31,6,0
1634,male,1,10908,1,24,6,0
767,male,1,10901,1,14,6,1
1833,female,1,10901,0,4,6,0
2737,male,1,10895,1,30,6,0
422,female,2,10883,2,5,6,0
130,male,1,10833,0,3,6,0
1167,female,2,10832,0,23,6,0
811,female,1,10828,0,30,6,0
830,male,1,10826,0,29,6,0
2850,female,1,10815,0,18,6,1
187,female,1,10812,1,3,6,1
435,female,1,10809,1,31,6,1
574,male,1,10802,0,8,6,1
607,male,1,10786,0,9,6,1
2583,female,1,10786,1,23,6,1
405,male,1,10781,1,2,6,1
2924,male,1,10771,0,6,6,1
229,female,1,10769,1,20,6,1
912,female,1,10766,0,15,6,1
2567,female,1,10766,1,9,6,1
1436,female,1,10765,1,3,6,1
779,female,1,10762,0,11,6,1
2905,female,2,10762,0,12,6,0
380,female,1,10748,0,10,6,1
495,female,1,10748,1,26,6,1
1839,female,1,10733,1,26,6,0
1200,female,1,10724,0,8,6,0
309,male,1,10703,0,5,6,0
999,female,1,10703,0,11,6,1
656,male,1,10696,1,2,6,1
540,male,1,10685,0,8,6,1
2499,male,1,10667,0,30,6,1
1443,female,1,10662,1,9,6,1
632,male,1,10661,1,29,6,0
953,male,2,10644,1,12,5,0
278,female,1,10633,1,8,5,0
1331,male,1,10632,0,15,5,0
1832,male,1,10617,1,22,5,0
1955,male,2,10612,2,22,5,1
647,male,1,10600,0,30,5,0
1617,female,1,10583,0,25,5,1
558,female,1,10582,1,28,5,0
1483,female,1,10553,0,17,5,0
1451,female,1,10546,1,9,5,0
705,male,1,10541,1,28,5,1
1053,female,1,10539,1,18,5,0
1778,female,2,10538,2,12,5,1
1870,male,1,10532,0,1,5,1
589,female,2,10530,2,16,5,0
2457,female,1,10508,0,3,5,1
2353,female,2,10495,2,6,5,1
1387,female,1,10481,0,11,5,0
1371,male,1,10478,1,18,5,1
1671,male,2,10458,0,25,5,0
2849,female,1,10423,1,20,5,1
1313,male,1,10413,1,26,5,1
357,male,2,10410,0,2,5,0
597,male,1,10386,1,17,5,1
1484,male,1,10385,0,10,5,1
1979,female,1,10371,1,10,5,1
2274,male,2,10361,1,26,5,0
963,female,1,10357,1,26,5,0
1831,male,1,10355,1,23,5,0
2490,male,1,10353,0,15,5,1
2224,male,1,10338,0,18,5,0
973,female,1,10326,0,22,5,0
984,female,1,10319,1,14,5,1
1889,male,2,10318,0,7,5,0
2991,female,1,10318,0,23,5,0
2881,female,1,10316,0,12,5,1
1624,female,1,10303,1,14,5,1
1630,female,2,10294,1,16,5,1
2998,male,1,10294,0,31,5,0
1818,male,1,10268,0,4,5,1
2031,female,2,10261,1,7,5,0
2451,female,1,10246,1,5,5,0
2971,female,2,10226,1,26,5,1
1667,female,1,10219,1,8,5,0
2955,female,1,10213,1,21,5,1
1142,male,1,10205,1,21,5,0
2617,male,1,10186,1,30,5,0
1348,male,1,10179,0,11,5,1
2868,female,1,10135,0,28,5,0
612,male,1,10133,1,28,5,1
1636,female,2,10125,0,4,5,1
789,male,1,10123,0,29,5,0
308,male,1,10098,1,1,5,1
1632,female,1,10093,1,24,5,0
1642,male,1,10081,1,2,5,1
1841,female,1,10077,0,3,5,1
510,male,1,10019,0,10,5,1
2730,male,1,10016,0,13,5,1
833,female,1,10014,0,7,5,0
1492,female,1,9999,0,14,5,1
251,female,1,9997,0,7,5,1
2619,female,2,9995,1,17,5,1
512,male,2,9982,2,3,5,0
708,male,2,9970,1,15,5,0
1734,female,1,9968,1,28,5,0
1868,female,1,9956,1,15,5,1
1594,male,1,9943,1,19,5,0
2246,male,1,9933,0,16,5,0
835,female,2,9927,0,12,5,1
2002,female,1,9923,0,17,5,0
1882,female,1,9909,1,1,5,1
355,male,1,9882,1,27,5,0
1681,female,1,9879,0,22,5,0
1052,male,1,9877,1,1,5,1
2851,female,1,9873,0,21,5,0
2564,female,1,9843,0,1,5,1
2217,female,1,9839,0,13,5,0
1359,male,1,9818,1,7,5,1
1556,female,1,9783,1,18,5,0
655,male,1,9776,0,22,5,0
332,male,1,9754,0,15,5,1
2332,female,1,9751,0,20,5,0
2037,female,1,9735,1,26,5,0
2171,male,1,9706,0,8,5,0
504,female,1,9697,0,2,5,1
1896,male,1,9687,0,25,5,1
394,male,2,9669,2,13,5,0
1192,male,1,9664,1,15,5,1
873,male,1,9637,1,12,5,0
2194,female,1,9630,0,8,5,1
289,male,1,9626,0,15,5,1
360,female,1,9626,0,18,5,0
766,male,1,9625,0,26,5,0
1097,male,1,9618,1,2,5,0
1236,female,3,9616,0,2,5,0
2936,male,1,9615,0,1,5,1
2117,female,1,9605,0,10,5,0
773,female,2,9599,1,5,5,1
1347,female,1,9596,0,20,5,0
834,male,1,9551,0,28,5,0
1569,male,1,9546,0,17,5,1
2973,female,2,9544,2,1,5,1
1808,male,2,9523,2,6,5,1
2277,male,1,9514,1,22,5,0
635,female,1,9497,1,7,5,0
2964,male,1,9497,1,1,5,1
722,female,2,9496,1,14,5,1
1472,female,2,9495,1,1,5,0
1767,female,1,9481,1,11,5,0
700,female,1,9475,0,24,5,1
846,female,1,9469,0,31,5,1
2781,female,1,9462,0,29,5,0
503,female,1,9457,0,18,5,0
991,male,1,9455,1,17,5,0
2142,female,2,9431,0,13,5,0
516,male,1,9415,0,4,5,1
818,male,1,9383,1,26,5,0
678,female,2,9373,0,23,5,1
568,female,1,9358,0,13,5,0
970,male,1,9351,0,13,5,1
543,female,1,9343,1,5,5,0
1284,male,1,9341,1,15,5,0
2969,male,1,9318,1,31,5,0
1312,female,2,9295,2,12,5,0
2913,male,1,9295,1,16,5,1
1908,male,1,9274,0,7,5,0
2647,female,1,9270,0,28,5,0
2355,male,1,9254,1,17,5,0
2580,male,1,9250,0,5,5,1
2305,female,1,9240,0,7,5,0
124,male,1,9236,1,29,5,1
1384,male,1,9221,0,19,5,1
1677,female,1,9189,0,26,5,0
2077,female,1,9185,0,13,5,0
735,female,1,9179,1,27,5,1
1294,male,1,9147,0,26,5,0
2086,male,1,9138,0,16,5,0
1001,female,1,9137,1,8,5,0
2889,female,1,9122,1,21,5,0
521,female,1,9104,1,27,5,1
1990,female,1,9049,1,8,5,0
1397,female,1,9048,1,8,5,0
272,female,1,9038,1,13,5,1
2523,male,1,9031,0,11,5,0
1543,female,1,9006,0,13,5,0
2761,male,1,9003,1,27,5,1
1321,female,1,8998,0,24,5,0
1094,male,1,8975,1,2,5,1
2622,female,1,8963,0,12,5,1
1119,male,1,8962,1,8,4,1
965,female,1,8960,0,6,4,1
2102,female,1,8947,1,20,4,0
1000,male,2,8946,0,23,4,0
1946,female,1,8946,1,4,4,1
2469,male,1,8942,0,14,4,0
883,female,1,8921,1,7,4,1
2029,female,1,8919,0,10,4,1
1413,female,1,8917,1,7,4,1
2170,male,1,8917,0,31,4,0
1476,female,1,8893,1,12,4,1
564,male,1,8886,1,29,4,0
1650,male,1,8867,0,29,4,0
2173,female,1,8867,0,4,4,0
2209,female,1,8867,1,7,4,1
2914,male,1,8864,0,23,4,0
1061,male,1,8858,1,12,4,0
1917,male,1,8834,0,31,4,0
1503,female,1,8827,0,3,4,1
1101,female,1,8818,1,14,4,1
1574,male,1,8800,0,26,4,1
2005,male,2,8796,1,5,4,0
2558,male,1,8796,0,29,4,1
720,male,1,8780,1,27,4,1
2027,male,1,8772,1,16,4,0
133,male,1,8764,0,7,4,1
929,male,1,8759,1,26,4,0
1573,male,1,8754,0,16,4,0
1972,male,1,8706,1,7,4,0
1179,female,1,8700,0,12,4,1
1030,male,2,8684,2,21,4,0
2023,male,1,8675,0,1,4,0
2220,male,2,8667,1,4,4,1
957,female,1,8665,1,21,4,0
224,male,1,8660,0,23,4,0
305,male,1,8653,1,13,4,0
1721,male,1,8651,0,21,4,0
1328,male,1,8647,0,19,4,0
2226,female,1,8641,1,3,4,1
1971,female,1,8640,0,6,4,1
168,male,1,8612,1,4,4,0
2178,male,1,8598,1,4,4,1
445,male,1,8596,1,23,4,0
1455,male,2,8590,1,13,4,0
1524,female,1,8544,0,14,4,0
1210,female,1,8497,1,9,4,1
2375,female,1,8490,1,4,4,0
2800,female,1,8471,0,25,4,0
1966,male,1,8448,1,30,4,1
2658,male,1,8447,1,25,4,0
1198,female,1,8419,1,12,4,0
162,male,1,8382,1,25,4,1
2407,male,1,8382,0,20,4,0
434,female,2,8377,1,22,4,1
526,male,1,8374,1,30,4,0
1391,male,2,8372,0,1,4,1
2435,female,1,8366,1,13,4,1
2459,male,1,8361,1,4,4,1
1579,male,1,8352,0,14,4,1
924,female,1,8350,0,14,4,1
1171,female,1,8343,0,16,4,1
2908,female,1,8339,1,29,4,1
874,female,1,8332,1,16,4,1
674,male,1,8327,0,27,4,0
1181,male,1,8303,1,20,4,1
493,female,1,8302,0,11,4,0
1527,female,1,8301,0,25,4,1
1965,male,2,8289,1,9,4,0
1668,female,1,8267,1,24,4,0
1610,male,1,8261,1,29,4,1
1438,male,1,8260,1,25,4,0
2878,male,1,8258,1,17,4,0
77,female,1,8242,1,9,4,1
1791,male,1,8229,0,6,4,0
1027,female,1,8212,1,20,4,0
695,male,1,8198,1,18,4,0
117,male,2,8184,1,17,4,0
768,female,1,8174,0,8,4,1
1937,male,2,8155,1,15,4,1
2193,male,1,8095,0,27,4,0
2030,female,1,8092,0,26,4,1
351,male,1,8081,0,12,4,0
943,male,1,8045,0,10,4,0
2928,female,2,8025,0,8,4,1
1478,female,1,8012,0,4,4,1
475,male,1,8009,0,4,4,0
1170,male,1,7988,1,27,4,1
1025,male,2,7967,2,1,4,0
76,female,1,7961,1,4,4,0
860,female,1,7961,1,14,4,0
2643,female,1,7961,0,10,4,1
1539,female,1,7955,0,9,4,0
888,female,1,7952,0,2,4,0
1905,female,1,7936,1,24,4,0
2015,female,1,7927,0,29,4,1
1112,male,1,7925,0,29,4,0
531,female,2,7921,1,13,4,1
1547,female,1,7917,0,3,4,0
359,female,1,7915,0,5,4,0
2841,male,1,7894,0,25,4,1
891,female,1,7882,0,25,4,0
1435,female,1,7865,0,21,4,0
399,female,2,7834,1,2,4,0
2486,male,1,7802,1,26,4,0
246,female,1,7792,1,6,4,0
1496,male,2,7787,0,7,4,1
932,female,1,7786,0,13,4,1
601,male,1,7780,0,30,4,1
2976,female,1,7775,1,20,4,0
1664,female,1,7772,1,18,4,1
126,male,1,7771,0,23,4,0
1148,female,1,7770,0,12,4,1
450,male,2,7691,2,26,4,1
742,female,1,7685,1,31,4,0
1638,female,1,7683,0,18,4,0
2401,male,1,7683,1,31,4,0
1402,female,1,7667,1,21,4,0
836,male,1,7608,0,17,4,0
1878,male,1,7597,1,22,4,1
1285,female,1,7576,1,16,4,0
603,male,1,7530,1,2,4,1
2729,male,2,7519,2,11,4,0
1172,female,1,7514,0,26,4,0
180,male,1,7509,1,20,4,0
1175,female,1,7460,1,28,4,1
2894,female,1,7446,0,1,4,0
2497,male,1,7426,0,6,4,0
2058,female,1,7421,0,13,4,0
1340,female,1,7414,1,24,4,0
1458,female,1,7410,0,14,4,0
2747,male,1,7397,1,12,4,0
1463,male,1,7384,1,9,4,0
1303,female,1,7375,1,8,4,0
2073,male,1,7350,0,25,4,0
2933,female,1,7334,0,6,4,0
1942,male,1,7325,0,25,4,1
1804,female,1,7324,1,10,4,1
2258,male,1,7315,1,2,4,0
228,male,1,7313,0,20,4,1
928,male,1,7308,0,8,4,0
769,male,1,7300,0,16,4,0
1722,male,1,7287,0,11,4,1
839,male,1,7280,1,30,4,1
1803,male,1,7271,0,29,4,0
1821,male,1,7257,1,26,4,0
1434,female,2,7237,1,1,4,1
1566,female,1,7233,0,9,4,1
1662,male,1,7233,0,2,4,1
2188,female,1,7233,1,12,4,1
2306,male,1,7229,0,15,3,1
1651,female,1,7222,0,5,3,0
2047,male,1,7212,1,6,3,1
1789,female,2,7171,1,18,3,0
2384,female,1,7166,1,4,3,1
784,male,1,7143,0,16,3,0
2807,male,2,7141,1,11,3,1
2453,female,2,7132,1,13,3,1
750,female,1,7122,0,5,3,0
61,male,1,7116,1,4,3,0
1562,female,1,7116,1,26,3,1
2840,male,1,7108,0,6,3,1
2832,male,1,7105,1,14,3,0
680,male,1,7083,0,18,3,1
1354,female,1,7074,0,28,3,1
2821,female,1,7069,0,13,3,1
2546,female,1,7056,0,3,3,0
2598,female,1,7052,1,7,3,0
2739,female,1,7019,1,20,3,0
852,male,1,7012,0,1,3,1
736,female,1,7010,1,31,3,1
709,male,1,6981,1,24,3,1
2817,male,1,6981,1,18,3,0
2829,female,1,6956,0,8,3,1
1903,male,1,6950,1,23,3,0
63,male,1,6946,0,20,3,0
1351,female,1,6940,1,6,3,0
195,female,1,6936,0,28,3,1
966,male,1,6936,1,2,3,1
1335,male,1,6928,1,13,3,0
2463,male,1,6919,1,7,3,1
2320,female,1,6914,0,10,3,1
388,male,1,6911,0,20,3,1
646,male,1,6886,1,15,3,0
2110,male,1,6878,0,28,3,0
930,female,1,6867,0,12,3,1
2141,male,1,6867,0,20,3,1
2559,female,1,6857,0,4,3,1
318,male,1,6820,0,4,3,0
143,female,1,6818,1,27,3,0
685,male,1,6816,1,2,3,1
2438,male,1,6794,1,13,3,0
1430,female,1,6785,1,11,3,1
137,male,1,6783,0,31,3,0
313,male,1,6782,0,1,3,1
2230,male,1,6756,1,14,3,0
1310,male,1,6748,0,19,3,0
809,male,2,6734,1,2,3,1
2534,male,1,6722,1,13,3,1
2848,male,1,6699,0,16,3,0
2575,female,1,6617,0,31,3,0
438,female,1,6594,0,20,3,0
1891,female,1,6581,1,25,3,1
1812,female,1,6538,0,14,3,0
2054,female,1,6534,0,29,3,1
1508,female,1,6528,1,17,3,0
954,female,1,6526,1,9,3,0
1059,female,2,6523,1,3,3,0
802,female,1,6505,0,7,3,0
1231,female,1,6505,0,5,3,1
2752,male,2,6502,1,2,3,0
2954,female,1,6494,0,4,3,0
2669,female,1,6464,0,8,3,1
113,female,1,6462,0,3,3,0
2390,female,1,6462,0,7,3,0
1088,female,1,6461,0,27,3,1
2826,male,1,6452,1,26,3,1
167,male,1,6437,1,26,3,1
256,female,1,6434,0,11,3,1
1330,male,1,6433,1,31,3,1
1486,male,1,6430,0,28,3,1
2605,female,1,6384,1,13,3,0
593,female,1,6373,0,8,3,1
2665,male,1,6368,0,9,3,0
1907,male,1,6322,1,29,3,1
2633,female,1,6312,1,9,3,1
2535,male,1,6304,0,26,3,1
2344,male,1,6292,1,6,3,1
1464,male,1,6291,1,8,3,0
1701,female,2,6286,1,8,3,1
2182,female,1,6281,0,8,3,0
158,male,1,6278,0,10,3,0
1565,female,1,6223,0,12,3,1
1137,male,1,6209,0,27,3,0
2409,male,1,6194,0,5,3,1
1173,female,2,6191,0,3,3,0
2365,male,1,6184,0,4,3,1
976,female,1,6175,1,28,3,1
147,female,1,6133,0,9,3,1
2294,female,1,6128,0,8,3,0
1320,male,1,6122,0,24,3,1
637,male,1,6117,1,1,3,1
212,male,1,6114,0,22,3,0
1605,male,1,6114,1,1,3,1
2662,female,1,6111,0,17,3,1
213,female,2,6103,0,14,3,0
2638,male,1,6097,1,16,3,1
2599,female,1,6087,0,12,3,1
1002,male,2,6044,1,22,3,0
1953,female,1,6031,1,24,3,1
691,male,1,6007,1,2,3,1
719,female,1,5998,0,16,3,1
2667,male,1,5980,1,22,3,1
174,male,2,5970,2,27,3,0
1422,male,1,5950,1,3,3,0
1850,male,1,5948,0,29,3,1
2902,male,1,5947,1,30,3,0
781,female,1,5945,1,29,3,0
1261,male,1,5942,0,28,3,1
1241,female,1,5931,0,13,3,1
204,male,1,5929,1,29,3,0
1530,female,2,5893,0,23,3,0
2627,female,1,5886,1,3,3,1
164,male,1,5874,0,3,3,1
227,female,1,5862,0,26,3,0
549,male,1,5854,1,22,3,1
105,female,1,5853,1,6,3,1
2798,male,1,5844,0,18,3,0
650,female,1,5837,0,13,3,0
2984,female,1,5833,1,6,3,0
1723,male,1,5789,1,26,3,0
149,female,1,5766,1,18,3,1
2892,female,1,5733,1,27,3,0
670,male,1,5719,1,9,3,0
458,female,1,5717,0,17,3,1
2529,female,1,5687,1,4,3,1
1250,male,1,5679,1,20,3,1
1874,male,1,5675,0,21,3,0
2464,male,1,5669,0,10,3,1
862,female,1,5663,1,21,3,1
729,female,1,5625,1,3,3,0
1529,male,1,5622,1,4,3,0
1169,female,1,5606,1,5,3,1
1544,male,2,5595,0,25,3,0
1552,female,1,5589,1,1,3,0
146,male,1,5587,1,9,3,1
2158,male,1,5562,1,24,3,1
745,female,1,5547,1,16,3,0
2019,female,1,5509,1,25,3,0
2858,female,1,5503,0,13,3,1
1343,female,1,5500,0,7,3,0
415,male,1,5470,0,27,3,1
2491,female,1,5451,1,17,3,1
1927,female,1,5450,1,20,3,0
2437,female,1,5437,1,21,3,0
2202,female,1,5436,1,20,3,1
1168,female,1,5426,1,24,3,0
711,female,1,5425,1,30,3,1
600,female,1,5422,1,28,2,1
102,male,1,5408,1,2,2,0
1590,female,1,5408,0,7,2,0
398,female,1,5388,0,15,2,1
1890,female,1,5375,0,15,2,1
2610,female,1,5369,0,7,2,0
619,male,1,5366,0,16,2,0
596,male,1,5364,0,29,2,0
511,female,1,5359,0,18,2,1
254,male,1,5347,0,7,2,0
1185,female,2,5336,1,6,2,0
621,female,1,5328,1,6,2,0
1364,male,1,5321,1,4,2,1
497,male,1,5316,1,3,2,1
1780,male,1,5309,1,15,2,0
470,male,1,5291,0,11,2,1
2516,female,1,5285,0,18,2,1
2942,male,1,5285,0,16,2,1
340,male,1,5257,0,29,2,1
1648,male,1,5233,0,16,2,0
2554,female,1,5201,0,26,2,0
606,female,1,5188,0,2,2,1
2542,male,1,5185,0,29,2,1
1735,female,1,5171,0,23,2,0
2446,female,1,5166,1,8,2,1
2093,female,1,5160,1,17,2,0
1073,male,1,5139,0,9,2,1
378,male,1,5136,0,19,2,0
2904,female,1,5134,0,3,2,1
992,male,1,5127,1,18,2,1
721,male,1,5108,1,22,2,0
1512,male,1,5096,0,14,2,0
1215,female,1,5092,0,25,2,0
571,female,1,5091,1,12,2,0
2922,female,1,5088,1,16,2,1
1661,male,1,5073,0,28,2,0
2166,female,1,5072,1,4,2,1
1834,male,1,5069,1,31,2,0
2745,male,1,5065,1,21,2,1
1184,female,1,5038,1,23,2,1
1755,male,1,5038,0,30,2,1
1473,female,1,5029,1,12,2,0
2185,male,1,4999,1,9,2,0
2162,female,1,4978,0,31,2,1
1058,male,1,4972,1,21,2,0
1105,female,1,4967,0,25,2,0
1836,male,1,4965,0,2,2,0
501,female,1,4962,0,15,2,0
2362,male,2,4960,2,18,2,1
1616,male,1,4944,0,4,2,1
892,male,1,4942,0,31,2,1
1880,female,2,4941,1,5,2,1
1022,male,1,4935,1,5,2,0
1467,male,1,4879,0,24,2,1
1357,male,1,4836,0,10,2,0
412,male,1,4832,0,21,2,0
1495,male,1,4805,1,3,2,1
2116,male,1,4805,1,7,2,0
641,male,1,4789,0,27,2,0
578,female,1,4783,0,11,2,1
590,female,1,4767,0,18,2,0
2708,male,1,4765,1,8,2,0
409,female,1,4703,0,6,2,0
2664,male,1,4691,0,26,2,1
898,male,1,4687,0,21,2,1
934,male,1,4686,1,1,2,1
2107,male,1,4667,1,14,2,1
1533,female,1,4666,0,4,2,0
614,male,1,4614,1,11,2,0
630,male,1,4579,0,12,2,1
2887,female,1,4579,1,4,2,0
1349,male,2,4576,1,13,2,0
260,male,1,4550,0,16,2,0
2278,male,1,4503,0,14,2,0
2836,male,1,4466,1,18,2,1
1588,female,1,4460,1,11,2,0
1276,male,1,4455,1,12,2,1
1712,female,1,4450,0,20,2,1
2513,male,1,4448,0,30,2,0
676,female,1,4445,0,14,2,0
1356,male,1,4445,0,18,2,1
2474,male,1,4438,1,29,2,0
2256,male,2,4429,1,1,2,1
555,male,1,4400,0,13,2,0
2072,male,1,4371,0,14,2,0
1062,female,1,4333,0,27,2,0
51,female,1,4303,1,16,2,1
1861,female,1,4300,0,31,2,0
292,female,1,4292,0,15,2,1
1216,male,1,4282,1,22,2,1
1685,male,1,4278,1,15,2,1
1350,female,1,4243,0,19,2,1
1899,female,1,4235,0,18,2,1
1151,female,1,4233,0,24,2,0
242,male,1,4216,1,1,2,1
962,female,1,4189,1,28,2,1
2879,female,1,4143,0,21,2,1
1505,female,1,4135,0,6,2,1
56,male,1,4127,1,31,2,0
2803,female,1,4106,0,18,2,1
217,male,1,4058,0,13,2,1
998,male,1,4035,1,23,2,1
666,female,1,4027,1,11,2,0
615,female,1,4024,1,16,2,0
2282,male,1,4015,0,18,2,0
2069,female,1,4002,0,15,2,1
667,male,1,4001,1,19,2,0
2661,male,1,4001,0,14,2,0
2156,female,1,3991,1,28,2,0
1756,male,1,3986,0,30,2,0
2140,male,1,3970,0,2,2,0
484,female,1,3966,0,15,2,0
2241,male,1,3929,1,10,2,0
1098,male,1,3915,1,24,2,0
2312,female,1,3898,0,4,2,0
1666,female,1,3894,1,22,2,1
478,male,1,3886,0,27,2,1
446,female,1,3862,1,3,2,0
369,female,1,3861,0,12,2,0
1166,male,1,3856,1,22,2,1
1558,female,1,3844,1,22,2,1
2618,female,1,3829,1,14,2,1
2160,female,1,3821,1,9,2,1
1510,male,1,3791,1,5,2,0
2784,female,1,3770,1,12,2,0
2553,female,1,3766,1,25,2,0
777,female,1,3763,1,19,2,0
2898,male,1,3743,1,27,2,1
757,male,1,3733,0,12,2,1
1690,female,1,3733,0,6,2,0
869,male,1,3720,0,21,2,0
2285,male,1,3720,0,21,2,0
2421,female,1,3709,0,9,2,0
2076,female,1,3706,0,27,2,1
1851,female,1,3699,0,24,2,1
154,male,1,3694,0,1,2,1
1380,male,1,3677,0,28,2,1
2143,female,1,3671,1,7,2,0
2965,male,1,3671,1,3,2,0
788,female,1,3654,1,4,2,0
2719,female,1,3624,0,29,2,0
1036,female,1,3551,0,9,2,1
1135,male,1,3549,1,3,2,0
2825,male,1,3539,0,26,2,0
848,male,1,3533,0,26,2,1
1196,male,1,3497,1,4,2,0
2772,female,1,3495,0,11,2,0
374,female,1,3482,1,22,2,0
286,female,1,3470,1,28,2,0
2221,female,1,3450,1,28,1,1
716,female,1,3442,0,17,1,0
753,female,1,3416,1,30,1,0
677,male,1,3386,0,18,1,0
2786,female,1,3372,1,3,1,0
1759,male,1,3362,1,9,1,1
1968,male,1,3338,0,12,1,0
463,male,1,3332,1,22,1,1
1392,female,1,3323,0,24,1,0
2871,male,1,3316,0,17,1,1
1099,male,1,3288,1,15,1,1
257,male,1,3276,0,22,1,0
923,female,1,3271,0,9,1,1
2253,male,1,3260,1,16,1,0
1218,female,1,3247,0,29,1,1
683,female,1,3244,0,2,1,1
2695,male,1,3232,0,20,1,1
926,female,1,3225,0,28,1,0
659,male,1,3215,0,28,1,1
2279,female,1,3210,1,7,1,0
2820,female,1,3190,0,12,1,0
2392,female,1,3170,0,19,1,1
2569,female,1,3153,1,17,1,0
585,female,1,3134,1,13,1,1
1964,female,1,3115,0,10,1,1
488,female,1,3111,0,30,1,1
1133,male,1,3060,0,23,1,0
1939,female,1,3025,1,29,1,0
989,male,1,3015,1,23,1,1
652,female,1,3013,0,3,1,1
461,female,1,2997,0,21,1,0
336,female,1,2993,1,6,1,0
1849,female,1,2993,1,9,1,1
1930,male,1,2979,0,29,1,1
1772,female,1,2978,1,2,1,1
2441,female,1,2971,0,22,1,1
2536,male,1,2965,0,2,1,1
1017,female,1,2954,1,20,1,1
2177,female,1,2941,1,30,1,1
2138,female,1,2927,1,22,1,0
2364,female,1,2856,0,3,1,0
752,female,1,2850,1,27,1,1
350,female,1,2835,1,24,1,1
1389,female,1,2815,0,7,1,1
2899,male,1,2789,1,23,1,1
345,female,1,2755,0,12,1,1
173,male,1,2752,0,26,1,1
2527,female,1,2739,0,15,1,0
2975,male,1,2730,0,12,1,0
1961,female,1,2725,1,19,1,0
1919,male,1,2698,1,22,1,0
2744,female,1,2697,0,18,1,0
2377,female,1,2696,1,24,1,1
1084,male,1,2673,0,15,1,0
1307,male,1,2669,1,5,1,0
1931,male,1,2638,1,10,1,1
233,male,1,2628,1,19,1,1
2854,male,1,2627,1,17,1,0
1914,male,1,2624,0,28,1,0
2478,male,1,2622,1,23,1,0
1082,male,1,2593,1,8,1,0
2331,male,1,2593,0,2,1,1
1938,male,1,2588,0,26,1,1
2791,male,1,2585,0,15,1,1
2460,male,1,2557,1,16,1,0
623,female,1,2554,0,28,1,0
1974,male,1,2537,1,1,1,1
2183,female,1,2528,0,8,1,0
2494,male,1,2518,1,19,1,0
252,female,1,2517,0,28,1,0
1538,male,1,2496,1,23,1,1
2195,female,1,2465,0,29,1,1
1811,male,1,2452,1,25,1,0
2882,female,1,2448,1,5,1,0
1835,female,1,2432,0,25,1,0
64,female,1,2418,1,26,1,1
1081,male,1,2388,1,1,1,0
1729,male,1,2377,0,26,1,0
920,female,1,2365,1,5,1,0
2500,female,1,2358,0,7,1,0
1489,female,1,2357,1,25,1,0
2157,male,1,2305,0,2,1,0
2937,male,1,2297,0,9,1,1
338,male,1,2266,0,7,1,1
335,male,1,2262,0,29,1,0
2204,male,1,2260,0,22,1,0
1269,female,1,2191,0,4,1,0
459,female,1,2130,0,2,1,0
706,female,1,2123,1,3,1,0
2175,male,1,2110,1,20,1,1
1120,female,1,2086,0,11,1,0
626,male,1,2070,0,29,1,1
1314,female,1,2066,0,25,1,0
1230,female,1,2065,0,21,1,1
1369,male,1,2056,1,5,1,0
1599,male,1,2054,0,14,1,1
2132,female,1,2027,0,29,1,1
1540,male,1,2026,0,22,1,0
2813,female,1,2024,0,1,1,1
814,female,1,1975,0,1,1,1
1532,female,1,1958,0,8,1,0
858,female,1,1955,0,18,1,0
1346,male,1,1937,1,23,1,1
902,female,1,1931,0,25,1,0
535,female,1,1927,1,13,1,1
2197,male,1,1921,0,3,1,1
1504,female,1,1893,1,1,1,1
2190,male,1,1893,0,20,1,0
2743,female,1,1887,0,18,1,0
88,female,1,1884,1,2,1,0
1326,female,1,1869,1,24,1,1
2901,female,1,1845,0,12,1,0
2398,female,1,1844,0,14,1,1
864,male,1,1841,0,21,1,0
2311,female,1,1837,1,1,1,0
2184,female,1,1824,1,10,1,1
548,female,1,1813,0,28,1,0
372,male,1,1797,1,22,1,1
1159,male,1,1792,1,1,1,0
392,male,1,1785,1,12,1,0
2756,male,1,1779,1,28,1,1
2591,female,1,1766,0,2,1,0
2518,female,1,1764,0,5,1,1
2227,female,1,1758,1,7,1,1
2652,male,1,1758,1,29,1,0
498,male,1,1745,1,15,1,1
1439,male,1,1744,0,11,1,0
2411,male,1,1729,1,27,1,1
1750,female,1,1703,0,14,1,0
1219,male,1,1690,0,11,1,1
1652,male,1,1690,0,19,1,0
2917,female,1,1676,1,27,1,1
258,female,1,1665,1,6,1,0
871,female,1,1640,1,30,1,0
52,female,1,1630,0,4,1,1
2653,male,1,1619,0,14,1,1
1838,male,1,1610,1,2,1,0
2670,male,1,1610,0,23,1,0
444,female,1,1596,0,13,1,0
2944,female,1,1595,1,13,1,1
2250,male,1,1588,1,31,1,0
2920,female,1,1582,0,17,1,1
728,female,1,1577,1,5,1,1
2707,female,1,1569,1,21,1,0
937,male,1,1549,0,28,1,0
1602,female,1,1544,0,10,1,1
1260,female,1,1532,1,18,1,0
1086,female,1,1518,1,23,1,0
598,male,1,1503,0,15,1,1
