id,frequency,monetary,cherry,recency,gender,age,famsize,decile_rank
15,31,305665,13,1,female,19,3,10
35,30,262181,13,1,female,22,3,10
31,31,254804,19,3,female,55,1,10
33,29,251352,14,2,male,54,5,10
22,24,214150,9,4,female,53,4,10
20,21,199197,11,2,female,50,1,10
18,24,196686,13,3,female,37,4,10
49,24,196143,12,4,female,44,4,10
9,24,195788,14,1,female,26,3,10
12,25,194860,15,1,female,44,1,10
42,21,193582,5,1,female,44,1,10
30,26,190687,17,2,female,54,1,10
36,20,189937,13,6,male,39,3,10
14,21,188600,14,1,female,25,4,10
26,22,184657,10,2,female,33,5,10
32,20,184276,12,1,female,49,5,10
17,19,181947,13,1,female,22,1,10
44,23,181397,12,1,male,33,3,10
34,20,179533,8,2,male,54,1,10
37,21,179169,11,2,female,52,2,10
5,20,177156,11,3,female,48,5,10
41,21,174389,11,1,female,32,4,10
28,21,174128,13,2,female,35,3,10
1,21,173314,8,1,female,51,2,10
25,19,172938,13,1,female,42,2,10
48,19,169424,5,2,female,21,3,10
8,20,168635,12,3,female,30,1,10
24,21,165124,13,1,female,28,5,10
38,24,161600,13,1,female,57,4,10
40,21,158420,11,1,male,55,5,10
2,20,157976,13,2,male,38,2,10
29,19,156206,9,1,male,46,4,10
4,19,154416,10,4,female,24,1,10
6,19,151853,11,3,female,46,1,10
43,21,151272,8,1,female,23,4,10
13,19,149937,13,1,female,23,4,10
21,20,145181,11,2,female,56,4,10
3,21,134673,5,1,female,41,1,10
45,16,130143,7,1,male,43,4,10
39,14,128474,6,1,male,59,3,10
16,15,126149,11,3,female,21,2,10
23,16,124649,10,1,female,48,5,10
10,16,115171,5,1,female,57,5,10
27,14,111910,6,7,female,28,2,10
11,14,107615,3,1,female,49,4,10
47,14,106081,7,1,female,45,3,10
7,17,98428,10,1,male,36,1,10
46,13,79841,9,2,male,55,1,10
19,10,71364,8,1,female,32,5,10
2484,4,45497,3,1,male,26,2,10
2886,4,45421,1,4,male,33,1,10
1663,4,43353,2,22,female,48,5,10
2501,3,43082,2,11,female,34,1,10
1797,3,42230,2,16,female,36,1,10
1947,4,41353,2,1,female,43,2,10
922,3,36437,1,23,male,20,1,10
1758,3,35523,0,9,female,39,2,10
1509,3,34831,3,9,female,28,1,10
1165,4,34732,2,9,female,24,4,10
303,3,34514,1,6,female,42,2,10
643,3,34362,1,26,female,48,1,10
2487,5,34253,4,11,female,36,4,10
704,3,33855,1,4,male,30,2,10
1221,3,33698,2,9,male,19,3,10
1881,5,33688,4,1,female,30,5,10
1782,4,33635,3,16,male,24,1,10
1428,3,33620,2,21,female,58,2,10
2872,3,33548,2,2,female,52,1,10
1984,3,32761,2,10,male,33,2,10
2219,4,32519,3,18,male,38,1,10
425,3,31930,2,4,female,24,1,10
2906,3,31741,1,11,female,22,4,10
1247,4,31719,1,14,male,47,4,10
2307,3,31485,1,6,female,41,1,10
281,3,31435,3,6,female,31,3,10
1115,3,31421,1,15,male,27,3,10
53,3,31414,1,5,female,30,4,10
297,3,30288,1,8,male,57,5,10
1697,3,30261,3,2,male,43,3,10
148,3,30046,2,10,female,54,2,10
783,3,29800,2,14,female,56,1,10
317,5,29795,4,2,male,46,4,10
1696,3,29738,0,7,female,45,1,10
2074,3,29595,2,6,male,43,2,10
1771,3,29494,1,8,female,24,3,10
328,3,29345,0,2,male,25,4,10
2238,2,29102,0,5,male,49,5,10
232,2,29059,1,16,female,50,5,10
2333,3,28959,2,10,female,32,2,10
466,3,28950,1,8,female,50,4,10
2480,3,28729,2,7,male,58,1,10
2436,3,28594,2,2,female,33,2,10
2130,2,28559,1,7,female,47,1,10
1416,2,28487,0,11,female,32,1,10
925,2,28392,1,14,female,33,5,10
1373,3,28123,3,6,female,48,1,10
1481,2,28115,1,24,female,32,3,10
1752,2,28077,1,15,male,25,4,10
2572,3,27933,2,1,female,18,3,10
200,2,27806,2,25,female,53,2,10
1657,2,27707,2,26,female,53,2,10
247,4,27693,1,10,female,23,2,10
1643,2,27678,1,7,female,20,5,10
2797,2,27623,2,5,male,25,1,10
2064,2,27509,1,17,female,51,2,10
519,2,27403,0,1,female,22,3,10
1702,2,27298,1,19,female,29,3,10
2369,4,27133,2,2,male,35,4,10
456,2,27074,0,26,male,50,1,10
1855,2,27048,1,1,female,28,3,10
2313,3,26945,1,3,female,41,1,10
2738,2,26869,1,14,female,21,1,10
940,2,26793,1,17,male,49,2,10
1773,2,26706,1,29,female,37,2,10
1679,3,26588,1,2,female,49,5,10
1608,3,26426,1,5,female,36,3,10
527,2,26354,1,7,female,21,1,10
1465,5,26153,1,7,female,33,5,10
436,3,26152,1,17,female,39,1,10
1757,2,26015,0,19,male,20,3,10
1460,2,25955,1,17,male,18,4,10
2354,3,25830,1,5,female,28,4,10
581,3,25580,1,5,female,52,2,10
2240,2,25475,1,6,female,18,5,10
2089,2,25417,2,5,female,37,2,10
2565,2,25363,1,8,male,22,1,10
2425,2,25281,1,1,female,44,2,10
916,2,25160,2,3,female,24,1,10
1375,2,25124,1,1,male,58,4,10
1852,2,25083,0,8,male,30,3,10
1809,3,25058,2,19,male,42,1,10
2978,2,25012,2,24,female,52,5,10
1309,3,24848,0,8,female,54,2,10
324,2,24834,1,20,male,18,5,10
472,2,24784,1,20,female,54,3,10
285,2,24690,2,21,male,31,4,10
1008,3,24682,1,4,female,25,5,10
870,2,24663,2,4,female,25,2,10
2061,2,24640,2,10,male,58,3,10
782,2,24629,1,10,female,49,1,10
981,2,24479,2,6,male,45,5,10
893,2,24420,1,7,male,58,1,10
2855,2,24415,0,8,female,21,5,10
1578,3,24366,2,1,female,35,2,10
2968,3,24236,1,3,female,28,5,10
341,2,24123,0,2,female,40,3,10
2668,2,24077,1,22,female,22,5,10
1710,2,23980,0,18,male,41,5,10
2830,2,23957,1,5,male,56,1,10
80,2,23816,2,3,female,53,1,9
215,3,23737,3,6,female,31,4,9
591,3,23698,1,11,female,18,1,9
822,2,23696,1,9,male,29,5,9
863,2,23663,0,2,male,41,4,9
2290,2,23641,1,7,female,24,5,9
1875,2,23556,1,2,female,51,1,9
1021,2,23495,0,26,male,32,3,9
2805,2,23452,2,1,male,23,2,9
1176,3,23361,1,5,female,31,5,9
2537,2,23338,2,9,female,50,2,9
2856,2,23309,0,3,female,46,3,9
2008,3,23265,2,9,male,46,2,9
310,2,23176,0,10,female,19,5,9
2996,2,23113,2,2,female,38,1,9
1607,2,23086,2,29,female,54,3,9
321,2,23046,2,1,female,56,5,9
1978,2,23040,0,19,female,44,4,9
2119,3,23039,2,5,male,28,4,9
2960,2,23036,2,4,female,18,3,9
71,2,22990,1,13,female,49,3,9
253,2,22929,2,23,male,24,4,9
1614,2,22612,1,9,female,20,5,9
2325,2,22608,2,16,female,44,5,9
2545,2,22570,0,24,female,56,5,9
1856,2,22529,1,1,male,34,3,9
2845,2,22440,0,25,female,59,3,9
423,2,22388,0,6,female,21,5,9
2691,3,22380,1,2,male,31,2,9
2528,2,22357,1,26,male,38,4,9
416,3,22163,2,1,male,48,3,9
368,3,22126,2,7,female,42,2,9
2699,3,22105,1,2,female,38,4,9
841,2,22098,1,10,female,37,1,9
362,2,22067,1,4,female,38,1,9
474,2,21977,1,1,male,51,1,9
2413,2,21832,0,4,female,53,5,9
2988,2,21622,1,3,male,54,3,9
1858,4,21572,3,4,female,47,3,9
2947,2,21519,0,17,male,50,3,9
1645,2,21506,1,5,female,46,4,9
367,2,21401,1,28,male,52,1,9
886,2,21373,1,7,female,23,2,9
1898,3,21339,2,5,female,38,1,9
2864,3,21320,2,1,female,22,5,9
2236,4,21296,0,16,female,25,4,9
749,2,21292,1,19,female,26,5,9
2496,2,21234,1,10,female,33,4,9
956,2,21217,1,11,female,40,1,9
138,2,21212,0,7,female,26,1,9
1474,3,21165,2,7,female,50,3,9
1222,3,21096,1,4,female,19,3,9
1338,2,21096,1,5,female,31,2,9
2186,2,21093,1,19,male,55,1,9
2433,2,20934,1,6,male,47,4,9
1066,2,20932,2,21,female,57,5,9
1051,2,20928,1,3,female,32,5,9
2671,2,20900,1,23,male,53,2,9
1742,3,20858,1,4,female,37,5,9
323,2,20850,2,5,male,23,5,9
927,2,20813,1,14,female,56,3,9
944,2,20782,1,18,male,49,4,9
1009,2,20761,0,19,female,28,3,9
2473,2,20742,0,5,female,34,2,9
2796,2,20717,0,21,female,20,4,9
1601,2,20654,1,8,female,52,2,9
250,3,20632,1,1,female,22,2,9
2176,2,20628,0,19,female,21,1,9
2273,2,20615,2,5,female,45,1,9
1678,2,20576,1,2,female,36,4,9
2280,2,20561,0,4,male,51,4,9
733,2,20548,1,7,female,38,5,9
556,2,20535,0,10,female,40,2,9
2447,2,20419,2,9,female,51,4,9
756,2,20378,2,15,male,20,5,9
116,2,20360,1,8,female,54,4,9
454,2,20341,2,3,female,36,4,9
2155,2,20223,2,9,male,59,1,9
447,2,20213,1,19,female,25,5,9
1683,2,20206,0,3,male,45,5,9
2703,3,20202,3,12,male,47,3,9
1704,2,20135,0,21,male,26,4,9
2167,2,20134,2,16,female,22,2,9
895,3,20105,2,7,female,28,1,9
184,2,20097,1,2,male,19,4,9
89,3,19966,1,8,female,19,4,9
1398,2,19905,1,6,female,25,1,9
1278,2,19848,1,13,female,39,3,9
1471,2,19839,1,21,female,50,1,9
545,2,19836,2,28,female,55,4,9
1676,2,19797,2,8,female,25,3,9
1366,2,19768,1,14,female,35,2,9
712,2,19711,0,15,male,54,5,9
1929,2,19707,2,4,female,46,4,9
2992,2,19660,1,12,female,42,5,9
93,2,19609,0,9,female,53,4,9
1597,2,19598,1,2,male,43,3,9
2722,2,19573,1,24,female,56,1,9
2720,2,19565,0,4,female,24,1,9
419,2,19492,0,7,male,43,3,9
198,2,19443,0,13,female,45,4,9
881,2,19404,2,1,male,40,5,9
2530,2,19376,0,16,female,22,3,9
1358,2,19356,1,15,female,59,1,9
1265,2,19340,1,10,male,31,3,9
356,2,19333,1,10,male,58,1,9
1365,4,19225,3,10,female,24,2,9
1845,2,19139,1,30,male,39,2,9
1157,2,19138,0,28,female,44,3,9
1506,2,19137,2,10,female,33,3,9
1128,3,19120,2,4,male,21,1,9
1958,2,19036,1,8,female,54,1,9
1043,2,19034,1,5,female,38,5,9
2299,2,19032,0,6,male,40,5,9
2210,2,19028,1,23,male,47,2,9
431,2,18962,1,7,female,43,4,9
915,2,18889,1,16,female,47,1,9
2544,2,18838,1,13,male,51,1,9
2038,2,18810,0,27,male,45,2,9
2835,2,18803,0,25,female,48,3,9
2296,2,18629,1,14,female,41,4,9
183,2,18628,1,16,female,45,4,9
2870,2,18517,2,8,male,50,2,9
2505,2,18323,2,6,male,18,2,9
2831,2,18256,0,9,female,51,5,9
909,2,18254,0,4,male,32,1,9
785,2,18181,1,8,male,45,1,9
2709,2,18169,1,10,male,38,1,9
1319,2,18116,1,20,male,36,3,9
319,2,18105,0,3,female,47,3,9
473,2,17956,2,1,male,40,4,9
385,2,17941,1,6,male,19,2,9
157,2,17931,1,7,male,29,2,9
2255,3,17902,3,25,female,27,3,9
118,2,17831,0,2,male,57,5,9
1183,2,17793,2,14,female,46,3,9
1695,2,17754,2,14,female,20,1,9
494,2,17665,1,6,female,42,4,9
2692,2,17555,1,19,female,46,4,9
1962,2,17541,2,22,female,46,3,9
2579,2,17502,2,1,female,53,2,9
665,2,17467,2,2,female,41,3,9
1116,3,17401,2,20,female,28,3,9
1873,2,17377,1,24,female,21,3,9
2600,2,17373,1,18,female,39,1,9
2766,2,17370,2,6,male,55,3,9
2244,2,17270,2,22,male,31,1,9
1442,2,17241,2,10,female,51,1,9
1457,2,17236,1,9,female,27,4,9
2405,2,17184,1,20,female,29,5,8
1019,2,17175,1,1,female,42,2,8
1283,2,17155,1,5,male,57,3,8
528,2,17141,0,19,female,56,4,8
1691,2,17084,1,12,male,33,2,8
748,2,16923,1,6,male,22,5,8
2521,2,16902,2,15,male,18,1,8
2918,2,16853,1,11,male,43,3,8
2926,2,16822,2,6,male,50,3,8
579,2,16815,0,23,male,21,5,8
1989,2,16791,1,16,male,28,4,8
2430,2,16748,0,28,female,40,5,8
2057,2,16726,2,24,male,26,4,8
448,2,16714,1,12,female,59,3,8
2366,2,16690,0,24,female,39,4,8
1290,3,16635,0,14,male,53,5,8
1867,2,16609,1,14,female,28,3,8
1623,2,16536,1,11,female,57,2,8
675,2,16480,1,2,female,53,3,8
136,2,16293,1,7,female,19,4,8
538,2,16270,2,8,female,32,4,8
104,3,16264,1,5,female,43,3,8
534,2,16234,0,4,male,32,3,8
2934,2,16150,2,30,female,46,4,8
2033,3,16112,1,10,female,44,4,8
945,2,16089,1,2,female,37,4,8
1840,2,16069,1,12,female,37,3,8
443,2,15965,1,20,female,59,1,8
2028,2,15961,1,5,male,44,1,8
2637,2,15903,1,2,female,36,1,8
279,2,15870,0,9,male,27,4,8
2007,2,15822,0,1,male,54,4,8
2051,2,15793,0,2,female,33,4,8
2448,2,15782,0,4,female,18,2,8
2341,2,15754,1,22,female,38,2,8
825,2,15698,1,13,male,44,1,8
553,2,15665,2,14,female,23,4,8
2124,2,15661,0,4,female,44,5,8
2604,2,15637,0,7,female,39,1,8
2065,2,15626,2,17,female,20,5,8
1149,2,15616,1,3,female,31,3,8
1534,2,15604,2,11,female,19,2,8
682,2,15544,1,5,female,31,5,8
259,2,15520,0,14,female,20,3,8
644,2,15491,1,2,male,59,3,8
740,2,15485,0,9,female,46,3,8
1311,2,15481,2,19,male,51,5,8
1267,2,15465,2,15,female,26,1,8
2458,2,15443,1,1,male,36,3,8
899,2,15415,1,12,male,34,2,8
2423,2,15384,1,25,male,52,5,8
2782,3,15315,1,12,male,52,3,8
1096,2,15257,2,13,male,24,3,8
363,2,15241,1,10,male,19,2,8
2004,2,15090,1,10,female,37,4,8
660,2,15015,1,25,female,53,1,8
1699,2,14999,1,7,female,20,1,8
2060,1,14972,0,23,female,48,5,8
1418,1,14967,0,14,male,24,4,8
1655,1,14946,1,1,male,52,3,8
1448,2,14943,0,18,male,55,3,8
191,1,14902,0,16,male,56,1,8
1706,1,14889,0,1,female,29,4,8
410,1,14886,0,30,female,47,5,8
2958,2,14872,1,3,female,54,2,8
853,1,14870,1,14,male,48,5,8
1719,1,14869,0,10,male,36,3,8
1853,1,14823,1,20,male,49,2,8
298,1,14813,1,21,male,35,1,8
861,1,14807,1,2,female,31,2,8
95,1,14794,1,4,female,33,1,8
1209,2,14784,2,17,female,42,2,8
2053,1,14769,0,12,female,47,2,8
2925,1,14763,1,10,male,40,5,8
810,1,14752,1,28,female,44,4,8
978,1,14748,1,14,male,33,5,8
280,1,14745,0,3,male,21,3,8
2769,2,14723,1,4,male,21,5,8
1999,1,14704,1,12,male,55,1,8
1223,1,14702,0,17,female,46,3,8
1876,1,14699,1,10,female,31,1,8
1056,1,14662,0,8,female,40,4,8
604,1,14660,0,26,female,31,3,8
2866,1,14657,0,30,female,19,2,8
557,1,14656,0,20,female,20,4,8
731,1,14648,0,17,male,34,3,8
2289,1,14644,1,13,female,32,5,8
1886,1,14593,1,3,male,40,2,8
2912,1,14585,0,15,male,27,2,8
2624,1,14583,0,28,female,40,3,8
2515,1,14580,0,18,female,33,5,8
1127,1,14577,1,3,male,30,3,8
293,1,14557,0,2,female,19,1,8
1377,1,14556,1,25,male,31,5,8
1805,1,14555,1,10,male,26,3,8
1801,3,14554,3,8,male,19,5,8
185,1,14531,0,7,female,34,3,8
2827,1,14479,1,13,female,59,5,8
2932,1,14453,1,29,female,31,2,8
2742,1,14431,0,9,female,28,4,8
1560,1,14427,0,4,male,22,3,8
2508,1,14419,0,24,male,59,3,8
2654,2,14416,1,9,female,55,3,8
2153,1,14394,1,21,male,21,5,8
2593,1,14394,0,5,female,41,3,8
1432,2,14390,1,13,male,30,1,8
1682,1,14390,0,23,female,42,1,8
339,2,14386,2,11,male,52,2,8
426,1,14386,0,3,male,46,5,8
575,1,14381,1,6,female,54,5,8
384,1,14362,0,20,female,31,4,8
918,1,14356,1,24,female,34,4,8
2788,1,14355,0,15,male,22,4,8
539,2,14350,1,16,male,36,1,8
897,2,14349,2,11,male,48,2,8
2865,3,14339,2,11,female,19,5,8
1944,2,14338,1,10,female,31,3,8
2985,1,14335,1,26,female,51,1,8
2989,2,14335,2,14,male,30,1,8
507,1,14330,0,9,female,52,3,8
794,1,14325,1,24,male,48,4,8
738,1,14324,1,27,male,18,2,8
1302,1,14321,0,3,female,40,4,8
2630,1,14310,0,29,female,19,3,8
377,1,14288,1,26,female,18,2,8
1211,1,14271,0,27,male,35,3,8
2329,2,14270,0,4,female,40,1,8
949,1,14263,1,9,male,39,5,8
1763,1,14259,0,13,male,36,2,8
1286,1,14258,1,6,female,42,2,8
629,1,14253,1,8,female,34,2,8
2351,1,14247,0,5,female,41,3,8
2211,1,14235,0,12,male,35,3,8
2303,1,14229,0,21,female,59,2,8
2216,2,14225,1,3,female,57,3,8
1360,1,14213,0,23,female,35,1,8
1568,1,14207,1,20,male,46,4,8
1244,1,14177,1,25,female,44,2,8
1123,1,14176,1,20,female,46,1,8
2079,2,14162,2,13,female,19,2,8
480,1,14150,0,2,male,53,2,8
467,1,14148,0,14,male,33,1,8
1272,1,14145,1,20,female,38,2,8
2017,2,14140,1,3,male,51,4,8
2628,1,14139,0,11,female,43,1,8
2635,2,14093,1,21,male,37,5,8
2676,1,14090,0,27,female,53,5,8
967,1,14045,1,22,female,57,3,7
2263,1,14045,1,7,female,34,2,7
1368,1,14037,1,6,male,30,2,7
288,1,14018,1,7,female,57,5,7
2741,1,13994,1,17,female,38,1,7
820,1,13989,0,9,male,25,5,7
2900,1,13975,0,4,male,27,1,7
87,1,13966,0,22,male,30,4,7
1887,1,13963,0,27,female,25,2,7
2198,1,13963,0,23,female,50,3,7
2275,1,13961,0,12,female,44,3,7
2645,1,13959,1,15,female,38,3,7
2242,1,13929,0,12,male,19,4,7
1879,1,13911,0,29,female,35,3,7
2251,2,13899,2,28,female,56,2,7
1580,1,13886,1,7,female,18,5,7
2715,1,13881,0,13,male,22,2,7
189,1,13873,0,20,female,45,1,7
2179,1,13862,1,18,female,38,5,7
913,2,13861,2,9,female,43,3,7
264,1,13855,1,3,female,25,5,7
758,1,13824,0,18,female,23,5,7
159,1,13820,0,30,male,50,3,7
537,1,13807,1,5,female,47,1,7
106,1,13771,0,1,male,31,5,7
1208,2,13747,1,8,male,50,3,7
1716,1,13732,0,19,male,22,4,7
2394,1,13678,1,10,female,21,4,7
2608,2,13675,2,20,female,47,3,7
1217,2,13673,2,18,female,50,1,7
334,2,13671,2,4,male,21,2,7
1982,1,13663,0,31,female,59,3,7
1477,1,13653,0,7,female,19,1,7
1987,1,13640,1,19,male,34,3,7
1214,2,13639,0,13,female,52,1,7
325,1,13629,0,23,female,28,1,7
2847,1,13616,0,6,male,20,4,7
2860,2,13576,2,19,male,24,2,7
2267,1,13556,1,25,male,51,3,7
1420,1,13553,0,4,male,48,5,7
2035,1,13548,1,11,male,53,1,7
1727,1,13545,1,20,female,53,5,7
1940,2,13529,1,16,female,38,1,7
2983,1,13527,0,7,male,27,2,7
903,1,13469,1,6,female,23,1,7
2328,1,13467,1,25,male,56,3,7
2414,1,13445,0,25,female,24,1,7
1705,1,13438,0,22,female,37,4,7
449,1,13437,1,21,male,21,1,7
624,1,13430,0,24,female,37,3,7
939,1,13421,1,11,female,32,1,7
1741,2,13414,2,1,female,27,4,7
2857,1,13409,0,27,female,28,3,7
2066,1,13394,0,3,female,37,3,7
2915,1,13377,0,30,male,33,3,7
182,1,13375,1,24,female,38,3,7
383,1,13359,0,21,female,27,2,7
875,2,13340,2,11,male,35,5,7
2910,1,13339,0,31,female,50,2,7
1700,2,13327,1,11,female,27,4,7
1077,2,13316,0,17,male,46,2,7
1080,1,13311,0,20,female,41,4,7
2571,1,13305,1,28,male,56,3,7
2302,1,13301,1,31,male,37,1,7
1141,1,13275,0,26,female,43,2,7
194,1,13266,1,11,male,45,5,7
2442,1,13253,1,28,male,26,1,7
1618,1,13237,0,18,female,57,2,7
1461,1,13228,0,3,female,57,5,7
884,1,13221,0,18,male,25,5,7
2503,1,13188,1,14,female,20,2,7
1404,1,13181,0,28,female,36,5,7
1029,2,13168,2,16,male,21,4,7
2316,1,13162,0,27,female,43,4,7
1910,1,13128,1,8,male,51,4,7
1275,2,13122,1,3,male,25,4,7
1263,2,13105,1,9,female,39,2,7
1713,2,13104,0,17,male,28,3,7
2694,1,13101,1,3,female,22,2,7
2283,1,13096,1,9,female,39,3,7
2930,1,13080,0,28,male,23,4,7
2923,2,13079,0,1,female,59,3,7
1499,2,13073,1,9,male,44,4,7
2304,1,13072,1,27,female,59,2,7
1686,1,13025,0,26,female,38,3,7
202,1,13020,0,12,male,54,4,7
1988,1,13016,0,29,male,51,4,7
1344,1,12997,0,18,female,39,2,7
2880,1,12985,1,21,female,22,4,7
1814,1,12981,1,9,male,32,1,7
2136,1,12965,1,27,female,43,5,7
524,1,12954,0,3,female,42,5,7
2740,1,12945,1,24,female,58,3,7
544,1,12926,0,9,male,38,5,7
2596,1,12908,0,20,female,49,4,7
2759,1,12908,1,12,female,49,5,7
2368,1,12902,1,17,female,58,1,7
2843,1,12886,0,24,female,25,3,7
1226,3,12885,2,4,male,24,1,7
2003,2,12874,2,27,female,26,2,7
2994,2,12855,1,4,male,44,5,7
513,1,12854,1,29,male,59,5,7
2614,2,12853,1,5,female,51,3,7
993,2,12841,1,18,female,44,5,7
2055,1,12841,0,3,female,20,1,7
2999,1,12822,0,28,female,51,4,7
487,1,12811,1,21,male,23,5,7
1144,1,12808,1,20,female,38,4,7
464,1,12803,0,11,female,31,1,7
2698,1,12801,1,30,female,32,1,7
316,1,12800,0,23,female,50,4,7
746,1,12773,1,19,male,44,1,7
1633,1,12773,1,13,male,43,1,7
1625,1,12772,0,10,female,23,5,7
2286,1,12766,0,4,female,55,5,7
1497,1,12764,1,15,female,36,1,7
2373,2,12717,1,27,female,52,1,7
90,1,12696,1,26,female,29,2,7
1085,1,12696,1,29,female,44,3,7
1542,1,12691,0,12,female,27,5,7
1842,2,12690,1,2,female,53,5,7
430,2,12677,1,12,female,44,4,7
208,1,12675,1,4,female,30,4,7
1291,2,12675,2,20,female,37,5,7
2097,1,12672,1,28,female,53,3,7
2775,1,12669,0,30,female,49,4,7
1417,2,12655,1,15,female,40,2,7
1915,1,12651,0,1,female,35,2,7
1212,1,12623,0,27,male,25,3,7
975,1,12601,0,8,female,54,4,7
868,2,12572,2,6,male,30,1,7
882,1,12563,0,20,female,44,1,7
1584,2,12561,2,10,female,47,1,7
2852,1,12517,1,25,female,29,2,7
2476,2,12512,0,9,male,45,4,7
273,2,12488,2,24,female,26,3,7
2208,1,12478,1,20,female,18,4,7
698,2,12474,1,16,female,27,1,7
2247,1,12473,0,15,male,37,3,7
2048,1,12472,1,17,female,41,1,7
1802,1,12468,0,22,female,18,5,7
2733,2,12459,1,7,male,24,4,7
304,2,12455,1,21,female,26,5,7
562,1,12451,1,21,male,53,1,7
1277,1,12441,1,26,male,27,2,7
420,1,12438,0,29,female,25,1,7
688,2,12437,1,6,male,36,1,7
2874,2,12432,1,5,male,37,1,7
1537,3,12431,1,14,female,55,4,7
1783,1,12426,1,12,female,33,3,7
982,2,12387,1,10,female,31,1,6
320,1,12341,0,21,female,21,1,6
160,1,12338,0,13,female,56,1,6
2639,1,12325,1,23,female,58,3,6
1254,1,12314,0,27,male,30,1,6
1462,1,12311,0,9,female,55,4,6
1730,1,12286,1,12,female,30,5,6
1998,1,12266,0,27,female,48,5,6
2777,1,12263,1,18,male,44,4,6
2680,2,12241,1,10,female,29,4,6
1459,1,12237,0,31,female,28,5,6
662,2,12228,0,14,female,39,2,6
2629,1,12196,0,18,female,21,4,6
119,1,12191,1,20,female,48,5,6
751,1,12184,1,27,male,34,2,6
763,1,12162,1,28,female,48,3,6
987,1,12117,1,11,female,28,3,6
2979,1,12110,1,9,female,41,1,6
2042,2,12106,2,5,male,40,5,6
1577,1,12099,1,11,male,57,4,6
120,2,12092,2,15,male,51,1,6
1554,1,12066,0,4,female,30,1,6
1709,1,12066,1,11,female,38,3,6
663,1,12020,0,9,female,37,1,6
1991,1,11977,1,10,female,54,1,6
1279,1,11926,0,30,male,22,1,6
1924,2,11894,0,6,male,24,4,6
373,2,11893,1,18,female,47,5,6
2059,2,11893,0,23,female,42,3,6
2711,1,11843,1,8,male,38,4,6
1067,1,11834,1,7,female,51,2,6
2041,2,11829,2,3,female,20,4,6
1401,1,11827,0,11,male,28,4,6
2823,1,11819,0,10,female,42,1,6
1345,1,11815,1,4,female,47,3,6
354,1,11814,0,2,female,58,2,6
1572,1,11799,0,31,male,24,1,6
576,2,11780,1,15,male,34,2,6
2568,2,11777,1,8,female,38,3,6
67,1,11760,1,14,female,48,4,6
1733,3,11748,1,4,female,32,4,6
673,1,11741,1,10,male,18,3,6
689,1,11719,0,3,male,59,5,6
1654,2,11710,1,6,female,30,5,6
2011,1,11710,0,16,male,21,2,6
1046,1,11667,0,14,female,53,4,6
658,1,11666,1,16,male,52,2,6
669,1,11663,1,14,male,27,5,6
2397,1,11650,0,28,female,54,2,6
1071,1,11635,0,6,female,45,5,6
1545,1,11616,0,14,female,42,3,6
1866,1,11616,1,8,female,44,5,6
996,1,11613,1,18,female,39,2,6
2396,1,11582,1,17,female,34,4,6
547,1,11580,0,16,female,32,3,6
408,2,11570,0,13,female,38,2,6
1728,1,11566,0,30,female,20,3,6
702,1,11561,0,7,male,31,5,6
1410,1,11538,1,5,female,29,3,6
326,1,11527,0,9,female,27,4,6
672,1,11527,0,23,female,51,1,6
743,1,11524,1,13,male,26,5,6
1111,1,11502,1,14,female,51,1,6
1571,1,11496,0,18,female,31,2,6
995,1,11473,1,27,male,51,1,6
1437,1,11465,1,1,female,41,4,6
196,2,11457,2,3,male,39,4,6
2024,1,11433,0,7,female,32,1,6
1606,1,11421,0,2,female,27,2,6
2834,2,11412,1,16,female,53,1,6
1057,1,11375,1,20,female,52,3,6
821,1,11369,0,25,female,57,1,6
997,1,11367,1,2,female,59,2,6
2122,2,11355,2,10,female,38,3,6
2395,1,11352,0,18,male,35,2,6
294,1,11322,0,1,male,37,5,6
69,1,11319,0,4,female,32,1,6
302,1,11318,0,23,female,32,1,6
1928,1,11301,1,18,male,25,4,6
2034,1,11281,0,4,female,49,4,6
2893,1,11279,1,15,female,42,3,6
1049,1,11252,1,1,female,41,5,6
1869,1,11249,0,13,female,57,2,6
1329,2,11245,0,6,male,37,1,6
1089,1,11237,0,30,female,25,4,6
1480,1,11230,0,9,female,44,1,6
190,1,11224,0,22,female,49,3,6
645,1,11224,0,1,female,58,1,6
2046,1,11219,1,17,female,56,2,6
850,1,11201,0,30,male,18,2,6
800,1,11184,1,3,male,48,4,6
1912,1,11181,0,2,male,31,4,6
1152,1,11163,0,18,female,46,1,6
2455,1,11136,0,9,female,45,5,6
1325,1,11133,1,5,female,37,5,6
2427,2,11124,0,5,female,50,5,6
2896,1,11117,0,29,female,42,3,6
649,1,11091,0,12,male,53,2,6
442,1,11085,0,25,female,45,2,6
1564,1,11081,1,6,female,59,4,6
532,1,11064,0,5,female,51,3,6
2507,2,11055,1,16,female,54,2,6
1925,1,11022,0,29,male,20,2,6
2443,2,11019,2,15,male,55,5,6
235,1,11002,0,23,male,31,2,6
1609,1,10996,0,15,female,18,4,6
1932,1,10986,1,30,male,33,3,6
270,1,10973,0,26,female,32,3,6
2812,1,10954,1,17,female,43,5,6
155,1,10946,1,27,male,42,3,6
60,1,10935,1,8,female,18,2,6
2043,1,10925,0,31,male,53,3,6
2470,1,10919,1,18,female,35,5,6
1740,1,10918,0,31,female,32,4,6
1634,1,10908,1,24,male,25,5,6
767,1,10901,1,14,female,40,4,6
1833,1,10901,0,4,female,23,2,6
2737,1,10895,1,30,female,21,2,6
422,2,10883,2,5,male,57,2,6
130,1,10833,0,3,male,24,4,6
1167,2,10832,0,23,male,54,4,6
811,1,10828,0,30,female,39,1,6
830,1,10826,0,29,female,22,1,6
2850,1,10815,0,18,female,40,1,6
187,1,10812,1,3,female,55,2,6
435,1,10809,1,31,female,36,1,6
574,1,10802,0,8,female,56,1,6
607,1,10786,0,9,female,52,5,6
2583,1,10786,1,23,female,23,2,6
405,1,10781,1,2,male,35,2,6
2924,1,10771,0,6,female,37,3,6
229,1,10769,1,20,female,29,4,6
912,1,10766,0,15,female,27,1,6
2567,1,10766,1,9,male,53,5,6
1436,1,10765,1,3,male,20,5,6
779,1,10762,0,11,female,53,5,6
2905,2,10762,0,12,female,28,3,6
380,1,10748,0,10,female,36,5,6
495,1,10748,1,26,male,53,4,6
1839,1,10733,1,26,male,18,1,6
1200,1,10724,0,8,female,45,5,6
309,1,10703,0,5,female,35,4,6
999,1,10703,0,11,female,21,2,6
656,1,10696,1,2,female,58,2,6
540,1,10685,0,8,male,50,5,6
2499,1,10667,0,30,female,27,1,6
1443,1,10662,1,9,female,37,5,6
632,1,10661,1,29,female,43,5,6
953,2,10644,1,12,female,42,2,5
278,1,10633,1,8,female,51,4,5
1331,1,10632,0,15,female,39,1,5
1832,1,10617,1,22,male,54,4,5
1955,2,10612,2,22,male,45,2,5
647,1,10600,0,30,male,35,2,5
1617,1,10583,0,25,male,57,1,5
558,1,10582,1,28,male,24,4,5
1483,1,10553,0,17,male,50,2,5
1451,1,10546,1,9,female,59,4,5
705,1,10541,1,28,female,18,2,5
1053,1,10539,1,18,male,47,5,5
1778,2,10538,2,12,female,39,2,5
1870,1,10532,0,1,female,55,4,5
589,2,10530,2,16,female,32,1,5
2457,1,10508,0,3,female,29,4,5
2353,2,10495,2,6,female,33,3,5
1387,1,10481,0,11,female,40,3,5
1371,1,10478,1,18,female,53,4,5
1671,2,10458,0,25,male,34,3,5
2849,1,10423,1,20,female,25,2,5
1313,1,10413,1,26,male,54,5,5
357,2,10410,0,2,female,41,4,5
597,1,10386,1,17,female,57,4,5
1484,1,10385,0,10,female,25,4,5
1979,1,10371,1,10,female,22,3,5
2274,2,10361,1,26,male,43,3,5
963,1,10357,1,26,male,52,4,5
1831,1,10355,1,23,male,31,1,5
2490,1,10353,0,15,female,18,2,5
2224,1,10338,0,18,female,42,1,5
973,1,10326,0,22,female,31,5,5
984,1,10319,1,14,female,22,2,5
1889,2,10318,0,7,female,58,3,5
2991,1,10318,0,23,female,33,2,5
2881,1,10316,0,12,female,30,3,5
1624,1,10303,1,14,female,23,1,5
1630,2,10294,1,16,female,49,1,5
2998,1,10294,0,31,female,25,1,5
1818,1,10268,0,4,female,46,2,5
2031,2,10261,1,7,male,37,3,5
2451,1,10246,1,5,male,51,1,5
2971,2,10226,1,26,female,28,4,5
1667,1,10219,1,8,female,25,4,5
2955,1,10213,1,21,female,47,4,5
1142,1,10205,1,21,male,23,5,5
2617,1,10186,1,30,female,55,5,5
1348,1,10179,0,11,female,53,3,5
2868,1,10135,0,28,male,33,5,5
612,1,10133,1,28,female,49,4,5
1636,2,10125,0,4,female,59,5,5
789,1,10123,0,29,female,44,1,5
308,1,10098,1,1,female,40,5,5
1632,1,10093,1,24,female,52,5,5
1642,1,10081,1,2,male,52,5,5
1841,1,10077,0,3,female,55,4,5
510,1,10019,0,10,female,21,1,5
2730,1,10016,0,13,female,55,4,5
833,1,10014,0,7,female,23,2,5
1492,1,9999,0,14,male,45,5,5
251,1,9997,0,7,female,59,2,5
2619,2,9995,1,17,female,35,4,5
512,2,9982,2,3,female,54,1,5
708,2,9970,1,15,female,27,5,5
1734,1,9968,1,28,male,53,4,5
1868,1,9956,1,15,female,25,5,5
1594,1,9943,1,19,female,55,2,5
2246,1,9933,0,16,female,59,5,5
835,2,9927,0,12,female,54,3,5
2002,1,9923,0,17,female,43,5,5
1882,1,9909,1,1,male,21,2,5
355,1,9882,1,27,female,28,5,5
1681,1,9879,0,22,female,33,4,5
1052,1,9877,1,1,female,33,4,5
2851,1,9873,0,21,female,44,5,5
2564,1,9843,0,1,male,32,2,5
2217,1,9839,0,13,female,53,2,5
1359,1,9818,1,7,female,25,5,5
1556,1,9783,1,18,female,40,3,5
655,1,9776,0,22,female,55,4,5
332,1,9754,0,15,female,19,4,5
2332,1,9751,0,20,female,39,2,5
2037,1,9735,1,26,female,24,3,5
2171,1,9706,0,8,female,37,3,5
504,1,9697,0,2,female,52,2,5
1896,1,9687,0,25,female,54,5,5
394,2,9669,2,13,male,25,1,5
1192,1,9664,1,15,female,39,3,5
873,1,9637,1,12,female,25,1,5
2194,1,9630,0,8,female,52,4,5
289,1,9626,0,15,female,18,3,5
360,1,9626,0,18,male,45,1,5
766,1,9625,0,26,male,18,2,5
1097,1,9618,1,2,female,27,4,5
1236,3,9616,0,2,male,46,2,5
2936,1,9615,0,1,female,52,4,5
2117,1,9605,0,10,male,28,5,5
773,2,9599,1,5,female,37,1,5
1347,1,9596,0,20,male,19,1,5
834,1,9551,0,28,female,45,2,5
1569,1,9546,0,17,male,53,2,5
2973,2,9544,2,1,male,45,4,5
1808,2,9523,2,6,female,43,5,5
2277,1,9514,1,22,male,42,4,5
635,1,9497,1,7,female,43,4,5
2964,1,9497,1,1,female,26,2,5
722,2,9496,1,14,female,22,4,5
1472,2,9495,1,1,male,19,5,5
1767,1,9481,1,11,female,26,5,5
700,1,9475,0,24,female,19,3,5
846,1,9469,0,31,female,44,1,5
2781,1,9462,0,29,female,42,1,5
503,1,9457,0,18,male,30,1,5
991,1,9455,1,17,female,26,4,5
2142,2,9431,0,13,female,32,5,5
516,1,9415,0,4,male,19,4,5
818,1,9383,1,26,male,52,5,5
678,2,9373,0,23,male,37,5,5
568,1,9358,0,13,female,53,4,5
970,1,9351,0,13,male,19,4,5
543,1,9343,1,5,female,28,3,5
1284,1,9341,1,15,male,28,1,5
2969,1,9318,1,31,male,40,4,5
1312,2,9295,2,12,female,30,1,5
2913,1,9295,1,16,female,32,1,5
1908,1,9274,0,7,female,52,5,5
2647,1,9270,0,28,female,55,5,5
2355,1,9254,1,17,female,55,4,5
2580,1,9250,0,5,female,51,5,5
2305,1,9240,0,7,male,53,1,5
124,1,9236,1,29,female,49,5,5
1384,1,9221,0,19,female,42,5,5
1677,1,9189,0,26,female,53,5,5
2077,1,9185,0,13,female,47,3,5
735,1,9179,1,27,female,20,3,5
1294,1,9147,0,26,female,41,1,5
2086,1,9138,0,16,female,50,2,5
1001,1,9137,1,8,female,51,5,5
2889,1,9122,1,21,male,28,2,5
521,1,9104,1,27,female,20,1,5
1990,1,9049,1,8,female,45,5,5
1397,1,9048,1,8,male,19,4,5
272,1,9038,1,13,female,28,5,5
2523,1,9031,0,11,female,19,2,5
1543,1,9006,0,13,male,35,5,5
2761,1,9003,1,27,male,33,5,5
1321,1,8998,0,24,female,19,1,5
1094,1,8975,1,2,female,23,4,5
2622,1,8963,0,12,female,27,4,5
1119,1,8962,1,8,female,39,4,4
965,1,8960,0,6,female,26,3,4
2102,1,8947,1,20,female,51,1,4
1000,2,8946,0,23,female,48,2,4
1946,1,8946,1,4,female,49,5,4
2469,1,8942,0,14,female,24,3,4
883,1,8921,1,7,female,44,4,4
2029,1,8919,0,10,male,47,1,4
1413,1,8917,1,7,female,27,3,4
2170,1,8917,0,31,female,32,5,4
1476,1,8893,1,12,female,49,5,4
564,1,8886,1,29,female,31,1,4
1650,1,8867,0,29,male,49,3,4
2173,1,8867,0,4,female,44,1,4
2209,1,8867,1,7,female,39,1,4
2914,1,8864,0,23,female,22,5,4
1061,1,8858,1,12,female,47,4,4
1917,1,8834,0,31,female,35,1,4
1503,1,8827,0,3,female,59,4,4
1101,1,8818,1,14,male,37,2,4
1574,1,8800,0,26,male,42,5,4
2005,2,8796,1,5,male,25,3,4
2558,1,8796,0,29,female,42,5,4
720,1,8780,1,27,male,27,2,4
2027,1,8772,1,16,female,27,4,4
133,1,8764,0,7,male,43,1,4
929,1,8759,1,26,female,55,1,4
1573,1,8754,0,16,female,48,2,4
1972,1,8706,1,7,male,30,1,4
1179,1,8700,0,12,female,55,2,4
1030,2,8684,2,21,female,57,1,4
2023,1,8675,0,1,female,44,3,4
2220,2,8667,1,4,male,41,5,4
957,1,8665,1,21,male,47,4,4
224,1,8660,0,23,female,54,2,4
305,1,8653,1,13,male,55,3,4
1721,1,8651,0,21,female,31,5,4
1328,1,8647,0,19,male,20,3,4
2226,1,8641,1,3,female,56,2,4
1971,1,8640,0,6,male,26,3,4
168,1,8612,1,4,male,51,3,4
2178,1,8598,1,4,female,26,1,4
445,1,8596,1,23,female,26,3,4
1455,2,8590,1,13,male,26,2,4
1524,1,8544,0,14,male,31,4,4
1210,1,8497,1,9,female,56,2,4
2375,1,8490,1,4,female,46,2,4
2800,1,8471,0,25,male,27,1,4
1966,1,8448,1,30,female,55,5,4
2658,1,8447,1,25,female,51,5,4
1198,1,8419,1,12,female,59,4,4
162,1,8382,1,25,female,25,2,4
2407,1,8382,0,20,male,40,1,4
434,2,8377,1,22,male,21,3,4
526,1,8374,1,30,female,20,4,4
1391,2,8372,0,1,male,26,3,4
2435,1,8366,1,13,male,44,1,4
2459,1,8361,1,4,female,58,3,4
1579,1,8352,0,14,female,27,4,4
924,1,8350,0,14,male,43,5,4
1171,1,8343,0,16,female,19,5,4
2908,1,8339,1,29,female,54,3,4
874,1,8332,1,16,male,44,5,4
674,1,8327,0,27,female,53,1,4
1181,1,8303,1,20,female,38,2,4
493,1,8302,0,11,male,47,4,4
1527,1,8301,0,25,male,32,5,4
1965,2,8289,1,9,female,38,2,4
1668,1,8267,1,24,female,52,5,4
1610,1,8261,1,29,female,38,2,4
1438,1,8260,1,25,male,55,5,4
2878,1,8258,1,17,male,57,5,4
77,1,8242,1,9,female,39,5,4
1791,1,8229,0,6,female,55,5,4
1027,1,8212,1,20,male,32,2,4
695,1,8198,1,18,female,50,5,4
117,2,8184,1,17,male,44,5,4
768,1,8174,0,8,female,29,2,4
1937,2,8155,1,15,female,22,4,4
2193,1,8095,0,27,female,44,2,4
2030,1,8092,0,26,female,50,2,4
351,1,8081,0,12,male,19,4,4
943,1,8045,0,10,female,56,3,4
2928,2,8025,0,8,female,21,4,4
1478,1,8012,0,4,female,29,4,4
475,1,8009,0,4,female,33,1,4
1170,1,7988,1,27,male,37,2,4
1025,2,7967,2,1,female,29,2,4
76,1,7961,1,4,female,29,2,4
860,1,7961,1,14,female,48,4,4
2643,1,7961,0,10,female,27,4,4
1539,1,7955,0,9,female,39,2,4
888,1,7952,0,2,female,35,4,4
1905,1,7936,1,24,female,24,5,4
2015,1,7927,0,29,female,49,4,4
1112,1,7925,0,29,male,49,3,4
531,2,7921,1,13,female,54,3,4
1547,1,7917,0,3,male,42,1,4
359,1,7915,0,5,female,27,5,4
2841,1,7894,0,25,female,59,2,4
891,1,7882,0,25,female,55,5,4
1435,1,7865,0,21,male,43,1,4
399,2,7834,1,2,female,54,2,4
2486,1,7802,1,26,male,36,4,4
246,1,7792,1,6,female,23,1,4
1496,2,7787,0,7,female,38,1,4
932,1,7786,0,13,male,45,3,4
601,1,7780,0,30,male,20,1,4
2976,1,7775,1,20,female,47,4,4
1664,1,7772,1,18,male,42,1,4
126,1,7771,0,23,female,23,2,4
1148,1,7770,0,12,male,49,2,4
450,2,7691,2,26,female,53,2,4
742,1,7685,1,31,female,45,2,4
1638,1,7683,0,18,male,21,4,4
2401,1,7683,1,31,female,39,4,4
1402,1,7667,1,21,male,30,4,4
836,1,7608,0,17,female,20,1,4
1878,1,7597,1,22,female,35,1,4
1285,1,7576,1,16,female,48,2,4
603,1,7530,1,2,female,27,5,4
2729,2,7519,2,11,female,51,3,4
1172,1,7514,0,26,male,48,5,4
180,1,7509,1,20,male,19,3,4
1175,1,7460,1,28,female,21,1,4
2894,1,7446,0,1,male,38,1,4
2497,1,7426,0,6,female,25,1,4
2058,1,7421,0,13,female,44,3,4
1340,1,7414,1,24,male,40,1,4
1458,1,7410,0,14,female,36,1,4
2747,1,7397,1,12,female,24,5,4
1463,1,7384,1,9,female,39,3,4
1303,1,7375,1,8,male,48,2,4
2073,1,7350,0,25,female,30,1,4
2933,1,7334,0,6,male,24,4,4
1942,1,7325,0,25,male,49,4,4
1804,1,7324,1,10,female,21,5,4
2258,1,7315,1,2,male,50,4,4
228,1,7313,0,20,male,34,3,4
928,1,7308,0,8,male,39,3,4
769,1,7300,0,16,female,40,4,4
1722,1,7287,0,11,female,54,2,4
839,1,7280,1,30,female,20,3,4
1803,1,7271,0,29,female,22,5,4
1821,1,7257,1,26,male,57,5,4
1434,2,7237,1,1,female,44,1,4
1566,1,7233,0,9,male,33,3,4
1662,1,7233,0,2,male,44,5,4
2188,1,7233,1,12,male,25,2,4
2306,1,7229,0,15,female,59,3,3
1651,1,7222,0,5,female,34,1,3
2047,1,7212,1,6,female,43,1,3
1789,2,7171,1,18,female,40,1,3
2384,1,7166,1,4,female,34,3,3
784,1,7143,0,16,female,51,5,3
2807,2,7141,1,11,male,35,5,3
2453,2,7132,1,13,female,46,5,3
750,1,7122,0,5,female,46,4,3
61,1,7116,1,4,male,41,5,3
1562,1,7116,1,26,male,24,4,3
2840,1,7108,0,6,male,59,2,3
2832,1,7105,1,14,male,43,3,3
680,1,7083,0,18,male,25,3,3
1354,1,7074,0,28,female,56,5,3
2821,1,7069,0,13,female,32,2,3
2546,1,7056,0,3,female,28,5,3
2598,1,7052,1,7,male,50,5,3
2739,1,7019,1,20,female,51,5,3
852,1,7012,0,1,female,38,2,3
736,1,7010,1,31,male,21,3,3
709,1,6981,1,24,male,49,5,3
2817,1,6981,1,18,female,53,1,3
2829,1,6956,0,8,male,54,4,3
1903,1,6950,1,23,female,43,3,3
63,1,6946,0,20,male,58,4,3
1351,1,6940,1,6,female,47,1,3
195,1,6936,0,28,female,55,1,3
966,1,6936,1,2,male,49,1,3
1335,1,6928,1,13,female,47,5,3
2463,1,6919,1,7,female,34,3,3
2320,1,6914,0,10,male,33,2,3
388,1,6911,0,20,male,53,5,3
646,1,6886,1,15,male,46,1,3
2110,1,6878,0,28,male,23,5,3
930,1,6867,0,12,male,19,1,3
2141,1,6867,0,20,male,52,3,3
2559,1,6857,0,4,female,39,3,3
318,1,6820,0,4,male,35,5,3
143,1,6818,1,27,male,50,1,3
685,1,6816,1,2,female,19,4,3
2438,1,6794,1,13,female,43,5,3
1430,1,6785,1,11,male,39,2,3
137,1,6783,0,31,female,20,5,3
313,1,6782,0,1,female,51,5,3
2230,1,6756,1,14,female,30,3,3
1310,1,6748,0,19,female,44,2,3
809,2,6734,1,2,female,29,1,3
2534,1,6722,1,13,female,36,5,3
2848,1,6699,0,16,male,59,2,3
2575,1,6617,0,31,female,19,1,3
438,1,6594,0,20,female,24,2,3
1891,1,6581,1,25,male,30,3,3
1812,1,6538,0,14,female,34,5,3
2054,1,6534,0,29,female,40,1,3
1508,1,6528,1,17,female,31,2,3
954,1,6526,1,9,female,38,3,3
1059,2,6523,1,3,male,22,1,3
802,1,6505,0,7,female,20,4,3
1231,1,6505,0,5,female,21,4,3
2752,2,6502,1,2,female,45,5,3
2954,1,6494,0,4,female,51,3,3
2669,1,6464,0,8,female,50,2,3
113,1,6462,0,3,female,55,3,3
2390,1,6462,0,7,female,51,5,3
1088,1,6461,0,27,female,18,5,3
2826,1,6452,1,26,male,56,3,3
167,1,6437,1,26,female,58,2,3
256,1,6434,0,11,female,20,3,3
1330,1,6433,1,31,female,35,3,3
1486,1,6430,0,28,female,19,3,3
2605,1,6384,1,13,male,24,3,3
593,1,6373,0,8,female,56,4,3
2665,1,6368,0,9,female,28,3,3
1907,1,6322,1,29,male,47,4,3
2633,1,6312,1,9,male,45,5,3
2535,1,6304,0,26,female,31,4,3
2344,1,6292,1,6,female,29,5,3
1464,1,6291,1,8,male,33,1,3
1701,2,6286,1,8,male,51,1,3
2182,1,6281,0,8,male,54,4,3
158,1,6278,0,10,male,41,3,3
1565,1,6223,0,12,male,56,4,3
1137,1,6209,0,27,female,25,2,3
2409,1,6194,0,5,female,46,2,3
1173,2,6191,0,3,female,19,2,3
2365,1,6184,0,4,female,28,2,3
976,1,6175,1,28,female,53,4,3
147,1,6133,0,9,male,51,1,3
2294,1,6128,0,8,male,23,1,3
1320,1,6122,0,24,female,37,5,3
637,1,6117,1,1,female,37,5,3
212,1,6114,0,22,female,58,3,3
1605,1,6114,1,1,female,25,2,3
2662,1,6111,0,17,male,44,2,3
213,2,6103,0,14,female,29,1,3
2638,1,6097,1,16,female,34,4,3
2599,1,6087,0,12,female,20,2,3
1002,2,6044,1,22,female,32,3,3
1953,1,6031,1,24,male,54,4,3
691,1,6007,1,2,female,49,3,3
719,1,5998,0,16,male,27,1,3
2667,1,5980,1,22,female,23,4,3
174,2,5970,2,27,male,18,2,3
1422,1,5950,1,3,male,18,5,3
1850,1,5948,0,29,female,21,2,3
2902,1,5947,1,30,female,37,2,3
781,1,5945,1,29,female,52,1,3
1261,1,5942,0,28,male,47,2,3
1241,1,5931,0,13,female,54,1,3
204,1,5929,1,29,female,30,1,3
1530,2,5893,0,23,female,21,1,3
2627,1,5886,1,3,male,31,5,3
164,1,5874,0,3,male,24,5,3
227,1,5862,0,26,female,35,5,3
549,1,5854,1,22,female,33,5,3
105,1,5853,1,6,female,54,3,3
2798,1,5844,0,18,female,22,3,3
650,1,5837,0,13,female,45,5,3
2984,1,5833,1,6,male,34,5,3
1723,1,5789,1,26,female,47,1,3
149,1,5766,1,18,male,46,5,3
2892,1,5733,1,27,female,47,5,3
670,1,5719,1,9,female,38,3,3
458,1,5717,0,17,female,26,3,3
2529,1,5687,1,4,female,28,3,3
1250,1,5679,1,20,female,25,3,3
1874,1,5675,0,21,female,40,5,3
2464,1,5669,0,10,female,42,4,3
862,1,5663,1,21,female,47,1,3
729,1,5625,1,3,female,34,5,3
1529,1,5622,1,4,female,39,1,3
1169,1,5606,1,5,female,58,5,3
1544,2,5595,0,25,male,42,3,3
1552,1,5589,1,1,female,42,2,3
146,1,5587,1,9,male,58,3,3
2158,1,5562,1,24,female,41,3,3
745,1,5547,1,16,female,50,5,3
2019,1,5509,1,25,female,53,3,3
2858,1,5503,0,13,female,20,5,3
1343,1,5500,0,7,female,56,2,3
415,1,5470,0,27,female,39,4,3
2491,1,5451,1,17,female,28,3,3
1927,1,5450,1,20,female,36,4,3
2437,1,5437,1,21,female,43,1,3
2202,1,5436,1,20,male,18,2,3
1168,1,5426,1,24,female,18,5,3
711,1,5425,1,30,male,48,5,3
600,1,5422,1,28,female,28,4,2
102,1,5408,1,2,female,29,3,2
1590,1,5408,0,7,female,19,1,2
398,1,5388,0,15,female,23,4,2
1890,1,5375,0,15,male,45,5,2
2610,1,5369,0,7,male,29,1,2
619,1,5366,0,16,female,36,5,2
596,1,5364,0,29,male,46,2,2
511,1,5359,0,18,male,26,5,2
254,1,5347,0,7,male,37,1,2
1185,2,5336,1,6,male,42,4,2
621,1,5328,1,6,male,35,1,2
1364,1,5321,1,4,female,40,1,2
497,1,5316,1,3,female,45,2,2
1780,1,5309,1,15,female,56,1,2
470,1,5291,0,11,male,21,5,2
2516,1,5285,0,18,male,44,1,2
2942,1,5285,0,16,female,36,5,2
340,1,5257,0,29,female,48,2,2
1648,1,5233,0,16,female,39,3,2
2554,1,5201,0,26,male,42,4,2
606,1,5188,0,2,male,34,3,2
2542,1,5185,0,29,female,51,2,2
1735,1,5171,0,23,male,18,5,2
2446,1,5166,1,8,male,39,2,2
2093,1,5160,1,17,female,25,1,2
1073,1,5139,0,9,male,31,5,2
378,1,5136,0,19,male,34,3,2
2904,1,5134,0,3,female,59,1,2
992,1,5127,1,18,female,30,5,2
721,1,5108,1,22,female,52,4,2
1512,1,5096,0,14,female,52,3,2
1215,1,5092,0,25,female,43,4,2
571,1,5091,1,12,male,26,5,2
2922,1,5088,1,16,female,29,2,2
1661,1,5073,0,28,female,33,1,2
2166,1,5072,1,4,female,36,3,2
1834,1,5069,1,31,female,51,1,2
2745,1,5065,1,21,female,31,3,2
1184,1,5038,1,23,male,59,4,2
1755,1,5038,0,30,female,29,3,2
1473,1,5029,1,12,female,58,4,2
2185,1,4999,1,9,female,52,3,2
2162,1,4978,0,31,female,58,2,2
1058,1,4972,1,21,female,45,3,2
1105,1,4967,0,25,female,31,5,2
1836,1,4965,0,2,male,28,1,2
501,1,4962,0,15,male,54,3,2
2362,2,4960,2,18,female,36,5,2
1616,1,4944,0,4,male,36,3,2
892,1,4942,0,31,female,28,1,2
1880,2,4941,1,5,male,28,5,2
1022,1,4935,1,5,male,38,1,2
1467,1,4879,0,24,female,28,4,2
1357,1,4836,0,10,male,24,1,2
412,1,4832,0,21,male,36,3,2
1495,1,4805,1,3,female,43,3,2
2116,1,4805,1,7,female,42,3,2
641,1,4789,0,27,male,43,3,2
578,1,4783,0,11,male,54,5,2
590,1,4767,0,18,female,55,3,2
2708,1,4765,1,8,male,36,2,2
409,1,4703,0,6,female,50,1,2
2664,1,4691,0,26,male,54,5,2
898,1,4687,0,21,female,57,1,2
934,1,4686,1,1,female,51,5,2
2107,1,4667,1,14,female,38,1,2
1533,1,4666,0,4,female,35,5,2
614,1,4614,1,11,female,23,3,2
630,1,4579,0,12,female,18,4,2
2887,1,4579,1,4,female,20,2,2
1349,2,4576,1,13,female,56,4,2
260,1,4550,0,16,female,42,2,2
2278,1,4503,0,14,female,39,5,2
2836,1,4466,1,18,female,50,1,2
1588,1,4460,1,11,male,55,1,2
1276,1,4455,1,12,female,58,1,2
1712,1,4450,0,20,female,44,5,2
2513,1,4448,0,30,female,20,5,2
676,1,4445,0,14,female,42,3,2
1356,1,4445,0,18,female,32,4,2
2474,1,4438,1,29,female,18,1,2
2256,2,4429,1,1,female,45,4,2
555,1,4400,0,13,female,43,4,2
2072,1,4371,0,14,female,57,5,2
1062,1,4333,0,27,female,37,1,2
51,1,4303,1,16,male,18,4,2
1861,1,4300,0,31,male,24,2,2
292,1,4292,0,15,female,22,1,2
1216,1,4282,1,22,female,32,1,2
1685,1,4278,1,15,female,39,1,2
1350,1,4243,0,19,female,18,3,2
1899,1,4235,0,18,female,40,1,2
1151,1,4233,0,24,male,39,4,2
242,1,4216,1,1,female,27,3,2
962,1,4189,1,28,female,25,4,2
2879,1,4143,0,21,female,28,2,2
1505,1,4135,0,6,female,36,4,2
56,1,4127,1,31,male,29,2,2
2803,1,4106,0,18,female,53,5,2
217,1,4058,0,13,female,18,2,2
998,1,4035,1,23,female,51,2,2
666,1,4027,1,11,female,27,1,2
615,1,4024,1,16,male,40,1,2
2282,1,4015,0,18,female,20,5,2
2069,1,4002,0,15,female,25,3,2
667,1,4001,1,19,female,27,1,2
2661,1,4001,0,14,female,22,5,2
2156,1,3991,1,28,female,43,1,2
1756,1,3986,0,30,female,40,5,2
2140,1,3970,0,2,female,34,2,2
484,1,3966,0,15,male,27,5,2
2241,1,3929,1,10,male,46,4,2
1098,1,3915,1,24,female,34,1,2
2312,1,3898,0,4,female,42,5,2
1666,1,3894,1,22,female,36,3,2
478,1,3886,0,27,female,18,3,2
446,1,3862,1,3,female,44,1,2
369,1,3861,0,12,female,46,4,2
1166,1,3856,1,22,male,20,4,2
1558,1,3844,1,22,male,20,3,2
2618,1,3829,1,14,male,19,1,2
2160,1,3821,1,9,female,25,3,2
1510,1,3791,1,5,female,31,1,2
2784,1,3770,1,12,male,49,3,2
2553,1,3766,1,25,female,35,3,2
777,1,3763,1,19,female,33,2,2
2898,1,3743,1,27,male,47,5,2
757,1,3733,0,12,female,37,2,2
1690,1,3733,0,6,female,59,5,2
869,1,3720,0,21,male,42,2,2
2285,1,3720,0,21,male,36,5,2
2421,1,3709,0,9,female,42,3,2
2076,1,3706,0,27,female,33,2,2
1851,1,3699,0,24,female,25,5,2
154,1,3694,0,1,female,59,3,2
1380,1,3677,0,28,female,51,3,2
2143,1,3671,1,7,male,54,2,2
2965,1,3671,1,3,female,42,2,2
788,1,3654,1,4,male,52,1,2
2719,1,3624,0,29,male,52,2,2
1036,1,3551,0,9,female,58,3,2
1135,1,3549,1,3,male,58,5,2
2825,1,3539,0,26,female,55,5,2
848,1,3533,0,26,female,36,3,2
1196,1,3497,1,4,female,19,1,2
2772,1,3495,0,11,male,29,5,2
374,1,3482,1,22,male,35,3,2
286,1,3470,1,28,female,52,5,2
2221,1,3450,1,28,male,21,3,1
716,1,3442,0,17,female,53,1,1
753,1,3416,1,30,female,22,3,1
677,1,3386,0,18,female,57,4,1
2786,1,3372,1,3,female,49,5,1
1759,1,3362,1,9,female,40,2,1
1968,1,3338,0,12,female,20,3,1
463,1,3332,1,22,female,49,1,1
1392,1,3323,0,24,male,59,2,1
2871,1,3316,0,17,female,20,4,1
1099,1,3288,1,15,female,29,1,1
257,1,3276,0,22,male,24,4,1
923,1,3271,0,9,female,31,5,1
2253,1,3260,1,16,female,25,3,1
1218,1,3247,0,29,male,25,1,1
683,1,3244,0,2,female,23,3,1
2695,1,3232,0,20,female,57,4,1
926,1,3225,0,28,female,41,4,1
659,1,3215,0,28,male,31,5,1
2279,1,3210,1,7,male,19,5,1
2820,1,3190,0,12,male,53,1,1
2392,1,3170,0,19,female,59,4,1
2569,1,3153,1,17,female,40,5,1
585,1,3134,1,13,male,52,3,1
1964,1,3115,0,10,female,43,4,1
488,1,3111,0,30,female,48,4,1
1133,1,3060,0,23,female,23,1,1
1939,1,3025,1,29,female,29,5,1
989,1,3015,1,23,female,32,1,1
652,1,3013,0,3,female,36,2,1
461,1,2997,0,21,female,51,4,1
336,1,2993,1,6,female,21,3,1
1849,1,2993,1,9,female,28,2,1
1930,1,2979,0,29,female,47,2,1
1772,1,2978,1,2,female,54,5,1
2441,1,2971,0,22,female,33,4,1
2536,1,2965,0,2,female,27,3,1
1017,1,2954,1,20,female,48,5,1
2177,1,2941,1,30,male,18,1,1
2138,1,2927,1,22,female,53,5,1
2364,1,2856,0,3,male,36,1,1
752,1,2850,1,27,female,33,5,1
350,1,2835,1,24,male,47,3,1
1389,1,2815,0,7,male,36,2,1
2899,1,2789,1,23,female,21,4,1
345,1,2755,0,12,male,31,1,1
173,1,2752,0,26,male,42,5,1
2527,1,2739,0,15,female,22,2,1
2975,1,2730,0,12,female,50,1,1
1961,1,2725,1,19,female,40,1,1
1919,1,2698,1,22,female,21,4,1
2744,1,2697,0,18,female,42,5,1
2377,1,2696,1,24,female,58,5,1
1084,1,2673,0,15,female,35,1,1
1307,1,2669,1,5,female,32,3,1
1931,1,2638,1,10,female,48,3,1
233,1,2628,1,19,female,31,1,1
2854,1,2627,1,17,male,36,3,1
1914,1,2624,0,28,male,24,3,1
2478,1,2622,1,23,male,54,2,1
1082,1,2593,1,8,female,25,1,1
2331,1,2593,0,2,male,23,2,1
1938,1,2588,0,26,female,46,3,1
2791,1,2585,0,15,female,28,5,1
2460,1,2557,1,16,male,39,5,1
623,1,2554,0,28,female,41,3,1
1974,1,2537,1,1,male,52,2,1
2183,1,2528,0,8,male,30,2,1
2494,1,2518,1,19,female,55,5,1
252,1,2517,0,28,male,32,4,1
1538,1,2496,1,23,female,30,4,1
2195,1,2465,0,29,female,30,4,1
1811,1,2452,1,25,male,27,1,1
2882,1,2448,1,5,female,20,3,1
1835,1,2432,0,25,female,53,4,1
64,1,2418,1,26,female,35,5,1
1081,1,2388,1,1,female,30,1,1
1729,1,2377,0,26,male,34,1,1
920,1,2365,1,5,female,32,5,1
2500,1,2358,0,7,male,50,2,1
1489,1,2357,1,25,male,50,5,1
2157,1,2305,0,2,male,38,5,1
2937,1,2297,0,9,female,47,5,1
338,1,2266,0,7,male,28,4,1
335,1,2262,0,29,female,39,3,1
2204,1,2260,0,22,female,47,3,1
1269,1,2191,0,4,male,51,3,1
459,1,2130,0,2,male,30,1,1
706,1,2123,1,3,female,58,5,1
2175,1,2110,1,20,female,23,4,1
1120,1,2086,0,11,female,22,2,1
626,1,2070,0,29,female,48,4,1
1314,1,2066,0,25,male,45,5,1
1230,1,2065,0,21,female,28,5,1
1369,1,2056,1,5,female,24,1,1
1599,1,2054,0,14,female,42,3,1
2132,1,2027,0,29,male,46,4,1
1540,1,2026,0,22,female,18,2,1
2813,1,2024,0,1,male,42,5,1
814,1,1975,0,1,female,20,3,1
1532,1,1958,0,8,female,29,3,1
858,1,1955,0,18,male,19,5,1
1346,1,1937,1,23,female,50,2,1
902,1,1931,0,25,female,51,5,1
535,1,1927,1,13,female,57,2,1
2197,1,1921,0,3,female,41,5,1
1504,1,1893,1,1,male,22,3,1
2190,1,1893,0,20,female,48,1,1
2743,1,1887,0,18,female,24,5,1
88,1,1884,1,2,male,38,5,1
1326,1,1869,1,24,female,36,2,1
2901,1,1845,0,12,female,55,1,1
2398,1,1844,0,14,male,50,5,1
864,1,1841,0,21,female,32,1,1
2311,1,1837,1,1,female,32,4,1
2184,1,1824,1,10,female,58,1,1
548,1,1813,0,28,female,23,2,1
372,1,1797,1,22,female,34,3,1
1159,1,1792,1,1,female,53,2,1
392,1,1785,1,12,female,24,5,1
2756,1,1779,1,28,female,37,5,1
2591,1,1766,0,2,female,42,3,1
2518,1,1764,0,5,male,38,2,1
2227,1,1758,1,7,female,56,2,1
2652,1,1758,1,29,male,37,5,1
498,1,1745,1,15,female,49,5,1
1439,1,1744,0,11,female,43,5,1
2411,1,1729,1,27,male,37,3,1
1750,1,1703,0,14,female,24,2,1
1219,1,1690,0,11,female,21,2,1
1652,1,1690,0,19,male,39,1,1
2917,1,1676,1,27,male,44,3,1
258,1,1665,1,6,female,29,1,1
871,1,1640,1,30,female,32,5,1
52,1,1630,0,4,male,37,5,1
2653,1,1619,0,14,female,32,1,1
1838,1,1610,1,2,female,57,1,1
2670,1,1610,0,23,female,55,2,1
444,1,1596,0,13,female,22,5,1
2944,1,1595,1,13,female,18,3,1
2250,1,1588,1,31,male,19,3,1
2920,1,1582,0,17,female,29,4,1
728,1,1577,1,5,female,38,1,1
2707,1,1569,1,21,male,51,5,1
937,1,1549,0,28,male,51,5,1
1602,1,1544,0,10,female,53,1,1
1260,1,1532,1,18,female,50,3,1
1086,1,1518,1,23,female,22,5,1
598,1,1503,0,15,male,23,2,1
