"","p","q"
"1",415.111344656907,3969.98672562586
"2",272.247716924176,5497.91798034909
"3",543.309538671747,5131.94965109011
"4",671.524057397619,4502.59873811491
"5",166.05541347526,5407.6684682093
"6",583.209916157648,4632.07615557152
"7",121.612493111752,6315.15744316777
"8",484.818425984122,3639.04070835369
"9",502.698645018972,5073.87161737249
"10",405.926750903018,6025.57104817236
"11",395.102943829261,3323.07634369038
"12",303.392161102965,3937.99177767718
"13",533.785734395497,2973.81862753403
"14",586.811583582312,3742.78389231008
"15",462.322145747021,3916.64562960261
"16",563.240358699113,5336.27863924924
"17",157.913964567706,7365.55500135994
"18",676.032958622091,4298.71016540454
"19",300.218767207116,6493.78156200781
"20",631.017012754455,4444.77743117404
"21",177.588777407072,6103.68781922739
"22",169.540940970182,6530.69348952943
"23",373.425932228565,4646.10192125423
"24",222.273163101636,4641.95389989834
"25",494.547358062118,2982.68838184236
"26",162.987783458084,4777.87437809439
"27",152.008682768792,4531.25785662514
"28",752.645862428471,4182.56677239309
"29",179.947953461669,5048.00998635261
"30",234.945971425623,4913.34204117751
"31",570.959777897224,4249.50520416163
"32",664.840579265729,2884.81223871505
"33",490.237957541831,3522.8022962197
"34",383.030782453716,4950.39590778989
"35",646.92087683361,5440.25775882464
"36",434.354725549929,5120.41819522566
"37",620.490798237734,4294.5730793961
"38",436.907257745042,5734.83653193116
"39",737.329555605538,3071.01280352689
"40",667.41971524898,3503.59660347927
"41",602.983677969314,5105.34843823264
"42",328.568430407904,5442.51786685678
"43",129.447280196473,6757.55875478843
"44",706.281665549614,3607.2292570601
"45",388.469922798686,3404.80072011733
"46",720.698353229091,2074.57665873141
"47",675.763803394511,3024.79860757119
"48",509.30442858953,4783.46023757115
"49",744.581650756299,3863.41008037824
"50",531.321060284972,4151.83186794574
"51",371.789042046294,4466.96425215255
"52",352.75022292044,5715.86197135603
"53",739.64761714451,3632.16443762459
"54",357.47998340521,4706.57489879506
"55",763.621402462013,4679.19999816857
"56",402.214245009236,5349.88359433107
"57",430.786208878271,5013.20068259754
"58",610.364954336546,2399.22137120512
"59",732.081113825552,3757.22271969163
"60",231.882211728953,3642.01577234743
"61",118.095980235375,5054.69078832723
"62",383.245486067608,6889.95322009641
"63",725.443754391745,2322.95484868511
"64",168.179908464663,5203.47397608054
"65",750.034084846266,4099.24411834192
"66",707.55380813498,2850.99357530782
"67",791.955276182853,2224.09497525256
"68",233.74958881177,4385.111484435
"69",714.978116494603,6005.55780588588
"70",644.045578781515,3798.95048848239
"71",428.293852205388,5311.35589384333
"72",390.509917773306,4375.76955914228
"73",361.42265854869,5563.22946237539
"74",593.138658604585,3991.21696535372
"75",331.399430753663,4542.46906074319
"76",262.666491675191,5223.38582225818
"77",293.727959389798,4123.16092350275
"78",487.061686371453,3589.47580265331
"79",472.044976451434,5866.13770637764
"80",668.137333658524,2960.10606935325
"81",107.117314380594,2737.05298187949
"82",551.059328648262,2850.30560953463
"83",368.780602328479,3907.53077427875
"84",370.217734295875,5342.32220086936
"85",562.50873610843,3504.34219416575
"86",309.75445266813,3185.79882064484
"87",772.565185744315,3333.26795213204
"88",291.858027409762,5682.03629394467
"89",124.515103758313,4356.84350849913
"90",277.758913650177,6110.10683760333
"91",585.336442221887,4036.7962686626
"92",769.177279411815,2662.92589701972
"93",692.959945439361,3948.2479227899
"94",726.589117129333,4259.75018627442
"95",632.132176985033,5165.13689092632
"96",274.185929330997,5459.8400764501
"97",127.05964888446,4863.8828864937
"98",534.229084849358,4920.31708679826
"99",475.964466179721,4472.20327959055
"100",260.116197215393,6555.76003907644
"101",256.114295916632,5190.15474986946
"102",179.931019037031,4914.54915426459
"103",547.379860561341,3483.94072862341
"104",334.728835709393,5542.87243626949
"105",228.846386400983,6308.07734217409
"106",134.56133431755,4124.29027560949
"107",740.971624664962,5871.46476067277
"108",199.751556199044,5723.96880404315
"109",196.219662763178,4481.06250338078
"110",790.025328891352,2198.41354258001
"111",623.936490784399,4881.09523354264
"112",130.956002580933,4529.47407451799
"113",706.892611621879,4407.99927905135
"114",475.51020917017,3669.99048782641
"115",780.580268451013,4559.08837533918
"116",601.357344258577,4236.63350377178
"117",265.182615770027,3123.95762614162
"118",753.962716367096,3108.53390049992
"119",114.783915528096,4490.07436946838
"120",221.529564308003,5140.16531431902
"121",350.355952559039,5485.70388713173
"122",638.467536354437,4294.46265693468
"123",527.407499332912,3485.45004108671
"124",653.195295645855,4470.79384283256
"125",653.542207204737,3337.81910513961
"126",240.141501929611,5154.29394430581
"127",729.228972829878,4183.75802160713
"128",195.733860856853,5282.94800344993
"129",537.99384275917,4222.8292675822
"130",379.498689691536,5059.76198213731
"131",439.282721839845,4337.52540057258
"132",260.238408204168,5255.13834126685
"133",142.965746624395,4726.80724074929
"134",653.611269942485,3828.0236852042
"135",788.306396943517,2755.07711602121
"136",422.031370643526,3068.85079781387
"137",429.985225619748,5071.75123594604
"138",309.133058181033,5710.66290899891
"139",546.623793034814,4674.77259129973
"140",124.39289635513,5149.25329650355
"141",675.253879418597,3682.82158590323
"142",124.568436504342,6195.97275851117
"143",475.561216659844,3192.74546164296
"144",524.447938730009,3455.99777920629
"145",491.923503391445,4159.34834764757
"146",246.863462589681,4688.14718182098
"147",430.587755818851,4571.36705161307
"148",767.072768881917,2066.19543802848
"149",502.364643709734,2378.61835665909
"150",468.023554538377,3856.00226936915
"151",795.096918032505,2654.39383657751
"152",384.682186786085,4269.06296349379
"153",778.485302929766,4352.09091700475
"154",112.723655928858,4198.42145644879
"155",392.35299366992,2487.25136558539
"156",213.059288426302,3826.75694648917
"157",699.108566856012,3496.36303732691
"158",585.781591502018,4132.50186428206
"159",734.829301992431,3070.42971839438
"160",629.12372960709,4326.345508553
"161",576.464026398025,3480.54283466185
"162",143.534089997411,6986.6282640087
"163",792.817500373349,1421.95143294611
"164",486.877326969989,3604.23309918047
"165",730.340160639025,4315.48214401171
"166",410.991666768678,5609.08636157116
"167",335.35994796548,4411.02705830279
"168",695.058614062145,3243.16273299071
"169",771.800651494414,2857.10722229148
"170",501.240659249015,2386.27550309449
"171",370.516161317937,4228.91798596755
"172",694.689368992113,6583.66286226952
"173",110.578503692523,5706.61852395389
"174",208.165896683931,4111.15112588781
"175",377.498697862029,4152.35452966895
"176",658.150827162899,4834.05218341235
"177",773.227644874714,4143.88690015572
"178",507.552436180413,4885.02107392357
"179",416.844110144302,3071.88046486551
"180",255.861137318425,3897.8178799015
"181",284.379921643995,6493.30493127401
"182",276.04161396157,4795.10796833991
"183",406.780176213942,3515.85761673882
"184",248.064748337492,5774.64136360023
"185",772.471745545045,3029.07162210969
"186",467.329111765139,4570.45084389905
"187",408.860887540504,4319.05878254119
"188",752.883503073826,3147.53851751833
"189",616.703809169121,4458.20036742987
"190",358.854418853298,5251.66602247887
"191",139.110057451762,5243.42861619307
"192",263.551556412131,4139.57677695843
"193",715.022480045445,4551.13515669702
"194",503.607257315889,3123.23801251496
"195",170.334649388678,5923.18051286848
"196",394.391423696652,3368.69737328976
"197",728.102541854605,4031.98623467897
"198",401.6740584746,4798.13992413245
"199",514.237385708839,5449.81094367336
"200",573.157999338582,3256.61299013336
"201",254.452327941544,5073.44530975822
"202",296.214689291082,4363.44542988999
"203",618.873300892301,4262.24989963161
"204",267.488477332518,5460.18526767702
"205",132.64313978143,5718.9295559763
"206",475.822278717533,4603.19111353043
"207",794.388056290336,2404.04354433203
"208",117.058196826838,6917.79846730542
"209",618.588553881273,3690.98699052329
"210",573.479082738049,1857.44524170373
"211",528.173617599532,3805.14907875494
"212",147.20021772664,5096.55258319878
"213",630.865357047878,2031.54801296794
"214",749.075480108149,5317.76150096878
"215",770.559298386797,3450.69888520871
"216",686.09815093223,5130.13177419185
"217",213.239599857479,5366.28360590784
"218",464.679481741041,6441.91724365986
"219",441.973817278631,5938.63996935284
"220",475.088499719277,4699.13706879119
"221",168.007195880637,5140.09303462078
"222",649.255251674913,3226.48141176983
"223",645.595312025398,4162.9848253139
"224",253.909107507206,5735.74806574608
"225",361.001626774669,4554.4379299241
"226",398.837833758444,3896.60183800328
"227",176.8809533678,6187.24393628343
"228",728.108007600531,3387.23796371438
"229",412.829450657591,4661.51576512171
"230",503.34516488947,5529.81703938558
"231",435.799385467544,4765.53286239492
"232",129.623639490455,5488.85701503991
"233",622.182397381403,4430.44444118194
"234",502.376341377385,4410.11978035609
"235",411.123601067811,3972.05428500214
"236",631.764425802976,4703.73996424469
"237",113.205171748996,4948.22075942811
"238",366.942017711699,4656.11865451852
"239",584.952367306687,2747.08934844138
"240",503.729941928759,5311.32606308765
"241",710.931297019124,6229.9280989002
"242",448.621968203224,3715.11672386862
"243",303.30886177253,5190.53258477074
"244",726.156343356706,5287.60256965834
"245",157.282379176468,5015.19692482138
"246",159.695440647192,7525.36441165659
"247",773.1363076251,6368.38041188669
"248",298.965299851261,4935.65781195137
"249",148.169549903832,3910.06303977084
"250",712.403250462376,3287.69358913823
"251",274.481276492588,3232.50528608263
"252",609.189101518132,5198.81577028361
"253",244.500528345816,4588.89356084787
"254",180.34081584774,5667.15463559544
"255",416.693994449452,4348.21632831373
"256",724.319521710277,5441.24867760947
"257",649.310578336008,1924.96354290622
"258",522.478143451735,3277.9020003929
"259",506.289157015271,5143.31023254865
"260",239.078911929391,6241.4727919323
"261",517.911076592281,5373.51137018794
"262",777.824009605683,4514.08769559973
"263",793.1724736467,3316.68937945647
"264",772.37542856019,4544.87285101879
"265",145.319563196972,4780.51053856223
"266",102.142347814515,4919.28955842074
"267",256.139692501165,6677.49438263514
"268",269.839573581703,5428.63075461884
"269",107.712355419062,7961.41644539751
"270",414.623155724257,2947.95875399534
"271",441.247732308693,6908.35230794005
"272",654.020478879102,4487.57033167137
"273",135.435163439251,5052.90562278971
"274",619.676701817662,4015.75976466153
"275",322.047045477666,3831.91885652563
"276",768.749471683986,3847.46315903008
"277",201.952256751247,2976.40253358053
"278",286.009118938819,4406.36691843506
"279",758.238105266355,4098.25365207426
"280",726.28394626081,2386.32165906246
"281",374.274886632338,4595.67103693875
"282",246.558255213313,5329.80581354567
"283",507.572977873497,4345.31103040947
"284",634.626578097232,5086.57261515831
"285",782.228912366554,5830.39448963176
"286",748.252311162651,4375.60575732433
"287",193.019579187967,4816.6894732393
"288",567.567001027055,3781.24698038007
"289",376.509840018116,4947.71398777203
"290",778.537990758196,3647.47294969561
"291",491.866947361268,5607.54562617969
"292",686.950941756368,5261.34860519096
"293",216.841849451885,7052.21495962362
"294",336.984584876336,5640.90641695059
"295",113.310049008578,4532.23033786599
"296",724.816051218659,3481.32458525037
"297",534.876901726238,4619.94210475964
"298",283.942140918225,4344.67757404186
"299",475.794855132699,3267.38264502338
"300",548.223751783371,6005.66150082461
"301",444.592718780041,3459.08944621096
"302",138.015150674619,5066.94536021228
"303",413.513432140462,5145.30461033095
"304",703.662985214032,3802.75995105516
"305",610.125616565347,6160.56643659562
"306",781.82268452365,3559.62402187992
"307",688.441945775412,4999.91759179028
"308",207.037192443386,5340.27511003302
"309",519.765901658684,4545.26016545255
"310",115.502105024643,5173.02344964909
"311",439.50280318968,6561.68967295386
"312",513.447868195362,3231.69414267105
"313",151.335378037766,6540.44012564772
"314",359.120191563852,5346.57827510349
"315",798.375531774946,5051.35623312586
"316",105.210811155848,4950.7860806238
"317",251.253582607023,3188.393922546
"318",179.332985496148,3751.32825348267
"319",679.249140527099,2849.308144163
"320",338.995028217323,3830.22328133485
"321",740.765883401036,5135.08965179473
"322",411.367663019337,5544.5040046669
"323",293.243571347557,5362.79544655857
"324",251.095718285069,5341.21691836326
"325",314.249263657257,6466.03927263496
"326",241.092536179349,4716.33661738844
"327",433.60982274171,4426.87182009231
"328",723.784553352743,4346.3321145404
"329",663.916028523818,4086.38820907815
"330",710.68782848306,4418.2754860139
"331",308.394778613001,4366.3908364979
"332",187.460061069578,5461.11226902437
"333",725.355094112456,1791.10344668309
"334",491.603197087534,4783.08837307038
"335",661.967518297024,4399.43919800758
"336",236.936169699766,3352.5534563307
"337",739.933451730758,4453.15988175853
"338",270.806799549609,6587.24844929885
"339",430.917781032622,6323.04766347069
"340",750.139623647556,5210.57052180862
"341",516.635035327636,5067.89248189382
"342",346.861928841099,5090.54286221307
"343",557.80108096078,4472.88958607172
"344",517.399728158489,5655.91835569766
"345",677.781967329793,3881.48258891132
"346",606.743233348243,4030.27580099131
"347",381.949994107708,4077.3297020806
"348",597.946871677414,4326.97337456205
"349",638.67015929427,4073.32535263941
"350",455.037499940954,5077.80229469804
"351",462.663886882365,4690.73552396276
"352",142.153386282735,5355.95813952202
"353",531.518306140788,3924.29696476397
"354",252.033470198512,5223.78039671105
"355",443.958179024048,5375.00577776627
"356",247.969677997753,4721.59278520101
"357",722.282940871082,4296.31443241657
"358",569.055893458426,5448.52739585317
"359",106.608369271271,6481.56252920385
"360",246.499928389676,3871.17179398167
"361",711.517464206554,3115.75556677475
"362",751.123616821133,4182.20070679815
"363",220.456584566273,4109.12792312527
"364",530.784461298026,3128.03909404292
"365",390.66173157189,4711.60063687016
"366",491.658093314618,3880.71352537143
"367",124.573411350138,4080.80436651471
"368",478.908179933205,4573.43227012926
"369",531.767180934548,5139.02747421778
"370",692.646504240111,3203.15365582487
"371",735.591231635772,5036.38676429408
"372",504.853533278219,4482.22734223301
"373",252.79352995567,4704.78165737371
"374",777.637430396862,6437.26071811113
"375",759.289002488367,3484.55997247004
"376",127.423762809485,5196.36673396924
"377",516.606440558098,5022.53261005442
"378",258.272321568802,5086.85216579093
"379",281.768940389156,3759.37808234283
"380",239.643546170555,4151.64242676125
"381",637.393383635208,5335.41189060179
"382",369.836733536795,5005.54774272912
"383",184.946253756061,4836.39058122802
"384",261.365210125223,4321.8038964041
"385",345.240642828867,5114.92380152202
"386",743.22229239624,4313.81987512137
"387",597.974153468385,4056.36933541707
"388",554.982822504826,4817.91605594881
"389",522.867186856456,3231.57459249675
"390",260.807127249427,4668.57157339483
"391",401.509706838988,5642.19003656145
"392",235.462577478029,3590.44615412772
"393",705.577784846537,4629.44982250774
"394",435.019348259084,3065.45223145507
"395",594.862833828665,6204.69446332461
"396",435.904758842662,5584.4400090551
"397",553.861403209157,3190.67989877412
"398",504.295185883529,4331.95566923138
"399",410.078055993654,4061.28898766373
"400",525.080386456102,4305.7253130257
"401",781.784051726572,3026.74375156061
"402",613.757773744874,6145.43983745735
"403",230.199540872127,3552.46775473187
"404",730.138801131397,3615.6836270471
"405",448.039449518546,4699.24365762338
"406",349.045711755753,6616.59899685246
"407",340.100967534818,4477.24392599182
"408",644.464926957153,3717.04563641134
"409",298.62187250983,5217.73416563492
"410",597.429985948838,5250.84701500066
"411",717.648496013135,3427.03677455873
"412",348.57141552493,5367.68928327007
"413",399.774724640884,4579.14420740399
"414",153.915933589451,5393.77470246186
"415",633.403906249441,4133.75075846403
"416",487.900030845776,3159.81117843642
"417",295.445553259924,6156.844713608
"418",775.467047980055,5067.49356554939
"419",284.92357544601,4877.03670854982
"420",618.393714609556,3396.20294156601
"421",341.980523895472,5085.96773781271
"422",388.340372429229,2919.69665133054
"423",699.676028825343,4194.60046579523
"424",455.060946778394,6391.53150543429
"425",328.643101989292,3625.79964984689
"426",774.259229772724,2598.06385365757
"427",501.323996554129,4937.98794234935
"428",703.831211081706,4585.09740055111
"429",128.269594651647,5719.10003500729
"430",457.92246654164,5813.90283827772
"431",144.755610707216,4559.78593336293
"432",331.115652178414,3470.70768768601
"433",376.63066778332,3598.29273322602
"434",306.667799944989,7631.8950659624
"435",179.196206573397,4738.11717371439
"436",274.831199948676,3955.08029938134
"437",152.748438459821,5088.84441020842
"438",610.43430424761,5069.4871245951
"439",287.742699659429,4614.62597991817
"440",494.18888411019,5011.04882855777
"441",345.368392416276,5549.48168198066
"442",296.914350078441,5737.8893388606
"443",691.193537483923,5240.92817674827
"444",186.703737988137,6690.39962388875
"445",470.2561580576,3933.02695291315
"446",645.290560182184,5151.93940598758
"447",703.564202319831,3349.80088334741
"448",348.934544064105,4739.55100001784
"449",688.118874165229,3438.45921735139
"450",240.767209231853,5659.03001767746
"451",477.767189173028,3544.61443989421
"452",217.28526330553,4149.19841016742
"453",331.448892038316,4831.87119588229
"454",558.828101400286,5298.76533944659
"455",340.366284223273,4387.9828418686
"456",395.044904015958,5443.4571617022
"457",687.809156929143,4502.74014073845
"458",434.449882106856,3355.26889014967
"459",318.375828978606,3088.56966636232
"460",772.914814203978,5737.77104804611
"461",719.238328724168,2772.80134886503
"462",396.29882266745,4790.70668474845
"463",646.931578195654,4212.32122766818
"464",624.956611730158,3593.11084730264
"465",476.58083839342,4849.50111076832
"466",704.121443233453,4176.68613628404
"467",644.454914191738,3518.83779560135
"468",613.749646022916,3327.525316663
"469",201.451265625656,6569.13856276044
"470",774.210283835419,2899.89683789613
"471",200.698459683917,4694.93755565679
"472",254.36792995315,5551.48948353663
"473",319.464869401418,5494.52121357885
"474",675.9264243301,4464.3913276297
"475",798.073359602131,4726.53208867457
"476",263.747378624976,4467.94203956572
"477",586.596718290821,4644.57796943513
"478",661.63257593289,5047.88238451702
"479",503.860932565294,4189.08099425445
"480",519.831960974261,4357.52488189662
"481",781.238331319764,4377.16900916543
"482",585.727285104804,3686.67146229326
"483",304.770328826271,5282.72333147278
"484",278.238780749962,4896.03586161791
"485",224.639344424941,4556.95741929692
"486",583.037106599659,4415.58531269329
"487",601.199632161297,4664.10944288869
"488",195.455812709406,5116.93642836567
"489",385.033799870871,5009.82923846734
"490",624.590982403606,3639.00261389848
"491",711.949403677136,3909.91182426738
"492",441.32189701777,5136.75186318578
"493",335.013008047827,4450.82734806443
"494",669.081391161308,2474.74762689474
"495",649.778768140823,4741.38201310636
"496",703.447974543087,6685.02251159441
"497",402.272622846067,4499.64533543239
"498",491.570383543149,3573.41280708844
"499",578.818906587549,2785.12745277507
"500",523.913996177725,5032.42456722521
"501",570.332802436315,4382.26025292603
"502",392.052286863327,4995.35284878608
"503",129.808222176507,3409.34653101431
"504",314.919771952555,3144.0872668695
"505",447.210086137056,3383.91093229742
"506",730.184560129419,3848.25294644292
"507",639.326141704805,4903.28695370028
"508",296.171585097909,6008.82292510209
"509",487.369828228839,3632.70217266277
"510",518.187254690565,3458.94516695706
"511",210.255892737769,4548.73197937052
"512",620.097608095966,4633.39797563481
"513",551.315004820935,3253.27919109406
"514",120.595867792144,5669.86862209627
"515",448.780865990557,5815.48413899036
"516",488.96179094445,4632.65065097687
"517",412.665752251633,4254.62283679785
"518",683.11544158496,3938.01451293987
"519",538.884592941031,4063.21815769132
"520",676.398613047786,3295.93244599229
"521",268.801004928537,4417.58779478443
"522",359.494376112707,3337.6212651174
"523",356.830749567598,5233.40192945053
"524",678.51102182176,4336.2749068944
"525",769.280227296986,5305.81547924971
"526",401.908102282323,3853.12196655494
"527",501.452848711051,5307.17977561087
"528",222.294742008671,5698.85283301523
"529",441.922472906299,5251.05799096726
"530",323.246351652779,5754.28405148891
"531",644.679612806067,5325.28561356212
"532",737.229924718849,3494.28987624181
"533",515.9671114292,5429.58562880438
"534",365.565724764019,4165.12719543498
"535",258.277592388913,4351.87141531989
"536",255.160939018242,6037.39473670206
"537",404.376515676267,4281.70720679751
"538",442.50255159568,4606.37929968556
"539",797.13667081669,3111.10206831399
"540",368.707869411446,4863.34634272255
"541",257.724261889234,6558.85911900844
"542",688.225512113422,3170.28768125999
"543",415.642297803424,5219.23514540754
"544",275.760381971486,7393.49629555977
"545",785.866053192876,2611.36685155256
"546",533.371919603087,3913.16709859508
"547",477.645127638243,3946.92679754794
"548",319.595515658148,6140.31173822732
"549",672.089714673348,3765.88423987002
"550",384.844079520553,5423.40115041698
"551",759.7086265916,6076.00418565757
"552",706.610168679617,2564.21507079753
"553",169.631789275445,6958.92486950217
"554",352.772687794641,6283.45251829632
"555",284.832674008794,4638.8077710965
"556",558.938228455372,2857.84877619381
"557",170.03986320924,6202.03515488144
"558",365.415495960042,5538.72895058507
"559",713.993894006126,3767.97995882768
"560",162.603551428765,4737.6763068414
"561",331.03752930183,4392.33810365315
"562",683.448242535815,3849.80713418405
"563",496.879426226951,5588.19739363086
"564",682.459159288555,3286.57319941041
"565",646.972174104303,4884.97604754701
"566",461.014829808846,5055.86450724674
"567",703.730327193625,5333.86266628153
"568",219.045095774345,5989.02713039917
"569",316.485346015543,4517.71419021727
"570",475.187981151976,5082.19978781854
"571",474.902321933769,4381.88701948018
"572",399.967660289258,5871.15206025685
"573",167.186699179001,5306.53093291824
"574",268.761764699593,5273.42036169871
"575",543.335181684233,5247.06110513844
"576",223.406402789988,3638.37952867106
"577",632.460419018753,3194.83515193588
"578",746.529278275557,4091.87574885291
"579",124.621111294255,3963.73981811638
"580",199.219356896356,5774.16331440205
"581",741.978530259803,2235.35118877535
"582",252.206779946573,5129.309239067
"583",469.173002243042,4977.60794354757
"584",463.504128949717,5567.06971356113
"585",648.781340080313,1338.89642519386
"586",213.309167185798,5224.13069512288
"587",251.066863886081,5447.41214381631
"588",324.513629241847,4418.24178542116
"589",358.978725946508,4599.92349039311
"590",261.78820761852,4404.53274481536
"591",116.832004650496,6007.87636387149
"592",444.276934233494,5427.49042538764
"593",409.363054740243,4130.44358867709
"594",168.477264046669,4568.8996442856
"595",371.626839158125,4639.91474397819
"596",387.855460564606,4349.52144543859
"597",261.258567450568,5551.05446650453
"598",674.738978152163,4885.59353570729
"599",239.84851425048,5540.75618860714
"600",477.344022016041,4076.72911283014
"601",144.005360151641,5639.7345552239
"602",233.657115092501,5678.51153848694
"603",378.288736264221,3000.5707808725
"604",752.483174670488,3752.77532430467
"605",306.728426599875,5234.52384205098
"606",316.669329907745,3782.5853155116
"607",132.538396329619,4705.05262960246
"608",338.124817120843,5740.99567702169
"609",108.92409349326,6282.42514296088
"610",334.217036142945,4976.66307080602
"611",515.837501408532,3839.62773404875
"612",532.186280400492,4689.23014669722
"613",448.002031096257,5136.36411841938
"614",786.192147620022,2792.87716130768
"615",104.423812683672,4524.23231144411
"616",462.885058741085,5400.80959269461
"617",242.209092597477,3589.26673814588
"618",352.699754899368,5905.77328619316
"619",284.212653455324,6685.63694804618
"620",680.754777183756,2605.87465426721
"621",369.842090574093,3460.20263210796
"622",135.518462280743,5086.96304963144
"623",701.434744219296,5327.68142876682
"624",605.948081891984,5678.32452605212
"625",358.963905391283,5074.83019960948
"626",517.84456174355,3356.01363264263
"627",693.54868219234,5115.37688084945
"628",341.659928299487,4578.23992949505
"629",127.023877878673,6979.08141936373
"630",388.046024669893,5893.92860533313
"631",256.320005399175,6431.1685391453
"632",707.610806659795,4739.66018619906
"633",178.109998442233,4462.87585281915
"634",364.694541157223,4921.31119279415
"635",188.716449216008,5908.87385397488
"636",783.346573798917,3552.69210826191
"637",707.354899216443,3389.10533804691
"638",129.433865030296,4897.61777868649
"639",366.643496812321,5057.03416736755
"640",590.065506938845,4167.34216321646
"641",478.84339382872,5390.45152203832
"642",356.946504861116,5167.69441512309
"643",689.92012902163,4666.30773984758
"644",144.754170929082,4447.81225344259
"645",791.388338035904,4500.53688006063
"646",796.447569434531,3074.23326970807
"647",242.176417913288,5663.66069739914
"648",336.678609368391,5310.67137805039
"649",425.852342811413,4409.72868539168
"650",475.456408341415,5246.91160702173
"651",421.493555977941,4353.52093931253
"652",110.456736665219,6108.87966634783
"653",165.598052646965,4258.09771776902
"654",362.056321953423,5553.07856343583
"655",785.972036933526,3546.25993205676
"656",401.932919630781,3578.806058232
"657",568.188363895752,4442.30996428718
"658",700.187755865045,3631.68677012401
"659",315.214369725436,5931.70512527677
"660",102.734118304215,3385.36371312369
"661",572.747558425181,3281.69729160005
"662",302.659373520873,5038.6698425213
"663",435.695477458648,5817.75396795015
"664",706.417713500559,5414.47753024805
"665",372.018754784949,5047.66716107555
"666",384.382753190584,5394.75975246134
"667",795.367338159122,2867.37924589801
"668",142.27909843903,3912.89984111485
"669",110.264676227234,6130.50626284947
"670",428.395356726833,4847.95863969223
"671",692.63156959787,4661.4938578019
"672",125.793929072097,5884.75069681976
"673",788.893316942267,3240.80619677012
"674",270.874195639044,4322.32980882259
"675",356.49775499478,5501.19023292547
"676",363.334254780784,4253.72395115027
"677",478.417694102973,6002.87555063113
"678",511.884287558496,4154.48126665788
"679",262.839237996377,5132.22502792536
"680",461.125822621398,5828.50598620163
"681",525.497299525887,2689.11137842563
"682",584.181520622224,4449.98622781655
"683",323.019383195788,7379.80105829552
"684",620.119580440223,3882.4164140507
"685",507.407424575649,4129.38030295588
"686",176.598635595292,5326.61556643587
"687",407.816595467739,3745.43139595891
"688",643.130847834982,4673.77029111185
"689",672.857974353246,5058.48205025161
"690",766.885033156723,3336.24583640011
"691",339.750740444288,3880.47864298065
"692",355.037037329748,3333.98335982765
"693",333.97866061423,5383.72156600896
"694",122.648040740751,5041.47660105623
"695",633.20963953156,5039.57970939007
"696",181.561526702717,6067.01875860227
"697",584.70517040696,5939.46299384219
"698",150.513246632181,4063.24631414386
"699",703.300757310353,6489.10413063043
"700",385.361222759821,3184.99609237745
"701",724.476471706294,3311.62622211228
"702",690.10202055797,3354.71546426462
"703",585.252770478837,3959.81390169584
"704",249.528009002097,5669.64358029981
"705",514.756045327522,6535.2109996745
"706",367.826237063855,5645.12746771506
"707",377.502948907204,3365.26536074756
"708",471.487529366277,4080.16346476199
"709",404.766691965051,4346.74629439787
"710",241.127019794658,5072.17263907595
"711",112.163744238205,4302.22577627934
"712",700.272937794216,5112.92259047278
"713",651.450218865648,4942.00607553317
"714",411.638174578547,5416.00076616231
"715",535.458243195899,4648.95900235456
"716",492.679367517121,4473.01619620505
"717",677.248969580978,4476.98415517893
"718",336.708338651806,5036.6120173955
"719",393.238880322315,5509.07138870035
"720",411.547183990479,3377.08117633786
"721",242.504044366069,5722.97730575818
"722",483.609751798213,3141.16974175531
"723",590.720153553411,4722.8385688279
"724",681.996296695434,4578.84533380861
"725",181.506908521987,7267.90644335431
"726",164.412688883021,5031.38413572115
"727",210.665449150838,3664.7394814511
"728",742.981012864038,3085.69705578013
"729",170.910672284663,6321.51906133428
"730",787.763516814448,3894.03871513435
"731",452.065745554864,4765.60371774416
"732",356.604589824565,5401.41059508928
"733",451.228700531647,6212.37666009494
"734",633.340211794712,3808.79280563451
"735",595.27285262011,5228.96117439191
"736",594.26021578256,3963.81020799847
"737",485.940918186679,4391.3485131018
"738",473.045131354593,5130.00769600817
"739",443.061442207545,4937.602205541
"740",210.984223755077,6728.75111124372
"741",377.259327983484,4104.26339644161
"742",360.092729586177,2525.68213147003
"743",236.36149938684,3552.64283528623
"744",443.536637444049,4584.95307292747
"745",472.321053175256,5357.01431970119
"746",179.684565984644,4457.38182564202
"747",383.459953358397,4555.6567605209
"748",548.052897350863,6113.17523166513
"749",450.956601696089,4796.61072013033
"750",108.858654485084,2143.65555062526
"751",681.680512637831,4671.40032536623
"752",379.908062750474,5144.24556087779
"753",703.878476680256,4048.0206953887
"754",593.531847116537,5522.31206627795
"755",650.065810093656,3983.9259301483
"756",565.075816516764,4989.57080509411
"757",402.437215042301,5935.56900519808
"758",171.969650941901,2458.03938880786
"759",154.356033704244,4492.87965136107
"760",247.16670261696,4672.73134519231
"761",485.807830141857,3987.29377424023
"762",177.732369443402,4764.45012041717
"763",147.211011662148,4263.74429405764
"764",646.03604238946,3709.92975514547
"765",640.356921148486,3303.97455285447
"766",472.176356613636,5211.27113375762
"767",503.292067651637,2616.7012893865
"768",312.555420096032,4624.75444639133
"769",513.672841107473,4323.7957475802
"770",519.315915089101,5494.69416608612
"771",577.304899529554,4312.74891663618
"772",106.990955676883,4401.89185643355
"773",675.44333296828,3322.57407081702
"774",531.855281698518,3638.45981815991
"775",431.280716601759,4042.67073389217
"776",180.408941442147,6601.0052255556
"777",593.623336264864,3389.08939516703
"778",199.679891951382,4689.48754992272
"779",573.234153725207,3013.96391871778
"780",722.845937148668,3889.10679127488
"781",433.729387726635,4318.06601979799
"782",248.091900884174,6331.43674588147
"783",211.750279273838,4694.7826290397
"784",520.711656124331,4659.42035152655
"785",468.380104657263,4782.99440786001
"786",390.516297356226,6053.68887174261
"787",742.18921083957,2974.81416593144
"788",661.440963530913,5046.86243677208
"789",485.938441357575,4232.38484417542
"790",312.608855520375,5830.99559730213
"791",476.778301340528,5384.98095730267
"792",548.969377740286,3841.05469273863
"793",451.224376144819,3909.87137139362
"794",324.081310187466,5719.01815666618
"795",634.292824356817,5856.04995376326
"796",376.862698281184,5487.09229435008
"797",503.480282216333,4149.88195151684
"798",732.622073055245,5197.02438649456
"799",234.438015287742,4265.87719174169
"800",355.940271564759,3730.20330494066
"801",609.703523130156,4252.02042928639
"802",795.693604694679,3751.85657823089
"803",652.807504264638,4522.49510311104
"804",435.722287907265,5870.84683293459
"805",433.163837040775,5644.89889992731
"806",528.027626802213,2810.28059090039
"807",559.692266699858,4198.24051584117
"808",576.148341596127,5284.51509239226
"809",394.059019116685,5202.72516027537
"810",118.178772204556,6502.94863528564
"811",120.282795419917,6369.13397037279
"812",560.817873151973,2785.13284977358
"813",404.97179874219,4450.21578181495
"814",719.604275864549,4114.4388619802
"815",658.883069572039,4474.41006392929
"816",579.497021553107,4208.99202298351
"817",360.877582570538,4759.14072758838
"818",679.267781693488,3112.91150288157
"819",450.681658834219,3562.36107251071
"820",684.067739918828,3421.89880027172
"821",778.534363117069,4194.5769287916
"822",798.919719830155,4302.59619925112
"823",148.537227255292,4570.62035195045
"824",314.560185326263,5085.73103424408
"825",328.233169252053,4070.83684760962
"826",685.693523730151,4931.43570501949
"827",693.278052797541,3290.61202068621
"828",584.583135927096,4432.37690982617
"829",729.543422884308,2913.26820462591
"830",577.855541487224,2209.96897368318
"831",155.683212680742,5542.54076038756
"832",451.425882987678,6086.16872796375
"833",285.985677805729,4175.48602078312
"834",660.159497102723,4312.04892407229
"835",539.022452104837,3820.50502464217
"836",645.011736568995,3478.46680815911
"837",732.625383045524,3913.3586011664
"838",548.941308748908,4809.22399216339
"839",583.120901556686,3770.84483153001
"840",308.207231457345,5494.26470149646
"841",169.038620893843,6113.0767640556
"842",591.576685290784,5292.0656372358
"843",447.388342861086,5275.005090209
"844",124.533916707151,4109.55680121126
"845",707.905104057863,4300.52247466031
"846",451.242672768421,5708.08810255111
"847",716.026800917462,5403.02533006991
"848",226.127902255394,4641.76687453912
"849",335.269506787881,5062.48834556122
"850",244.00975566823,4586.28374320595
"851",782.499654707499,3110.31588379018
"852",215.988687681966,5881.79162315186
"853",559.029567008838,6465.24221683245
"854",748.901400598697,5612.44172411198
"855",358.844914590009,5969.2876315887
"856",678.878024267033,5355.83013405904
"857",165.860990947112,5207.27817169501
"858",130.75878508389,5233.76189832879
"859",173.691848712042,5775.27180801713
"860",478.436549426988,4995.67858226175
"861",589.110622089356,5295.30764497582
"862",512.863654503599,5734.0141225115
"863",477.264330117032,4058.04346226282
"864",377.105333982036,4011.8938633388
"865",296.754673076794,4174.08767213645
"866",267.742576822639,5397.02527325142
"867",299.24698851537,3351.01649493783
"868",782.155991042964,4234.52720554301
"869",772.044475818984,3774.03206734589
"870",601.867811125703,4529.84207594522
"871",481.568868411705,5595.07057667811
"872",117.541950708255,5338.51621634872
"873",479.534814925864,3217.3988022809
"874",322.462628618814,5040.9606479777
"875",643.658598233014,3897.08930277152
"876",420.469883177429,5070.85550719816
"877",182.651457982138,7075.44770469482
"878",503.580956021324,2226.61548021153
"879",480.072041880339,4985.41823340244
"880",611.321603949182,4839.05087281518
"881",629.921186435968,4476.75950112389
"882",125.405541504733,6378.41221303241
"883",602.710015326738,3417.6208083384
"884",158.94302634988,4288.05584574508
"885",505.562815838493,4903.16638116607
"886",138.019273127429,5594.94746815469
"887",570.676489081234,3731.2858471427
"888",601.272797305137,4825.6086780635
"889",661.666277563199,5168.23432846774
"890",158.129500201903,7349.76587294428
"891",687.868335656822,4366.37628090834
"892",562.308322219178,3975.8247044874
"893",232.126271072775,5057.94894891666
"894",619.555379729718,5255.37187550685
"895",667.690997384489,2738.89086043638
"896",525.049494463019,3872.54077487922
"897",355.181892635301,6026.38819462238
"898",481.402125186287,4350.20191896687
"899",554.989608889446,4292.64470824398
"900",515.361991128884,4020.63998308005
"901",717.28106981609,3335.72073600619
"902",198.21939219255,6116.7272230849
"903",226.032185531221,5766.24936948046
"904",735.262734210119,3279.09523506306
"905",752.368087111972,3580.5616861113
"906",497.560149547644,4230.53451303079
"907",771.322411764413,3427.31262992786
"908",370.964328851551,4105.65903889933
"909",386.396050825715,4159.48324676486
"910",104.81632091105,5819.77838769276
"911",401.731182169169,4864.03368484868
"912",622.415042971261,3653.66336307336
"913",325.530995149165,4226.69211505293
"914",342.420754558407,5610.42356138865
"915",559.703679475933,4872.84494706933
"916",256.995057943277,3819.77947996935
"917",237.118417513557,5522.06804852825
"918",168.820426380262,4297.87640981359
"919",410.579707357101,5435.26496435849
"920",743.860426382162,2681.46082263001
"921",522.079049632885,5007.1887300288
"922",505.861693504266,4105.84270545844
"923",761.437394306995,3279.51292489273
"924",260.692060715519,5141.79573843705
"925",178.870973014273,4682.03300246068
"926",656.891300808638,3126.87500446288
"927",372.805608366616,3389.22903272562
"928",697.429296607152,3339.1358777609
"929",664.380606333725,4913.50228698192
"930",150.117207248695,6047.38784680786
"931",101.055828877725,2391.03742272546
"932",493.667641561478,4112.14591158102
"933",184.838168043643,6335.01167068978
"934",162.332208012231,5483.68396458842
"935",798.818760807626,3831.85604100861
"936",389.68569401186,4096.92257085189
"937",578.571515413933,4329.85210646576
"938",142.841348587535,5592.13585137158
"939",158.534356881864,5240.86900740952
"940",773.001736286096,2568.6963935179
"941",194.740469520912,3461.81913190446
"942",518.442704482004,4702.66617476447
"943",360.871225316077,3597.99151240783
"944",527.971069142222,5680.78354960647
"945",157.384891086258,5454.98687183052
"946",453.204334457405,3558.94626006553
"947",335.658908914775,6426.60849811435
"948",179.451310355216,3895.17209978829
"949",459.901714907028,4370.20990465869
"950",283.031799062155,4537.03398863883
"951",155.999858258292,4023.74748556614
"952",708.32462743856,2884.09720519617
"953",321.284036082216,3813.94785641811
"954",695.833760686219,3164.52093409158
"955",457.176900072955,3078.50148653135
"956",614.490708825178,3652.83467895315
"957",361.993253021501,4604.10691026371
"958",546.470994502306,4792.27832484466
"959",358.550367993303,4465.19839839433
"960",596.840763185173,3112.74647291302
"961",334.33840777725,4102.39511537657
"962",176.688817958347,5891.16923595112
"963",679.472193680704,5083.80603189499
"964",171.854523941875,5820.87831788491
"965",145.373577042483,5376.18670625475
"966",724.965976714157,3578.87960598953
"967",335.508158896118,4174.63685861226
"968",152.034938428551,4976.24999007994
"969",175.626030913554,6928.51900208812
"970",782.180226547644,2844.71179478764
"971",436.598511552438,4822.19151231018
"972",172.753334208392,4846.52724070192
"973",799.973097303882,2180.65313503818
"974",378.463990869932,4354.90720473724
"975",335.757588315755,3503.31869142021
"976",720.790124172345,2481.54335743663
"977",402.200848748907,7217.09817426059
"978",194.166210573167,5804.55503876504
"979",697.269109636545,4473.99476915527
"980",194.422168540768,3895.52941728738
"981",151.303771696985,4673.74162343745
"982",274.772161222063,5342.93040282583
"983",742.807260621339,4260.81447517684
"984",222.148802387528,2861.74106348149
"985",525.940630747937,5544.90050802178
"986",326.817356073298,5635.1934274524
"987",268.575660255738,7137.12646060033
"988",206.908939406276,5045.86482141745
"989",219.199541560374,6709.02074040318
"990",407.70895795431,6150.32621543468
"991",675.671312073246,4459.75465209095
"992",661.25073467847,2909.54779339183
"993",487.911437428556,5501.45815611334
"994",230.684393900447,6303.91678978937
"995",433.071597036906,6717.06342870329
"996",315.496771270409,4508.555225871
"997",386.661052959971,5754.29863686634
"998",129.964537522756,5093.65628306818
"999",430.884048598818,4487.43278506698
"1000",772.97225848306,3871.80469212928
